k_features,var_smoothing,threshold,Accuracy,Precision,Recall,F1-score,AUC,Score
4,1e-12,0.3,0.6934039087947883,0.6375519904931669,0.8824013157894737,0.7402552604346325,0.7930821572580645,0.7402552604346325
4,1e-12,0.31,0.6970684039087948,0.6430303030303031,0.8725328947368421,0.7404047452896024,0.7930821572580645,0.7404047452896024
4,1e-12,0.32,0.7011400651465798,0.6478527607361964,0.868421052631579,0.7420941672522839,0.7930821572580645,0.7420941672522839
4,1e-12,0.33,0.7039902280130294,0.6523364485981309,0.8610197368421053,0.7422899680964198,0.7930821572580645,0.7422899680964198
4,1e-12,0.34,0.7096905537459284,0.6609085092770314,0.8495065789473685,0.7434328895286075,0.7930821572580645,0.7434328895286075
4,1e-12,0.35000000000000003,0.7121335504885994,0.6657980456026059,0.8404605263157895,0.7430025445292621,0.7930821572580645,0.7430025445292621
4,1e-12,0.36000000000000004,0.7149837133550488,0.6713147410358565,0.8314144736842105,0.7428361498897869,0.7930821572580645,0.7428361498897869
4,1e-12,0.37000000000000005,0.7170195439739414,0.676132521974307,0.8223684210526315,0.7421150278293136,0.7930821572580645,0.7421150278293136
4,1e-12,0.38000000000000006,0.7206840390879479,0.6827586206896552,0.8141447368421053,0.7426856714178545,0.7930821572580645,0.7426856714178545
4,1e-12,0.39000000000000007,0.7243485342019544,0.6896551724137931,0.805921052631579,0.7432688661357604,0.7930821572580645,0.7432688661357604
4,1e-12,0.4000000000000001,0.7251628664495114,0.6925266903914591,0.8001644736842105,0.7424647081266692,0.7930821572580645,0.7424647081266692
4,1e-12,0.4100000000000001,0.7235342019543974,0.6938628158844765,0.790296052631579,0.7389465590157632,0.7930821572580645,0.7389465590157632
4,1e-12,0.4200000000000001,0.7251628664495114,0.6996309963099631,0.7796052631578947,0.737456242707118,0.7930821572580645,0.737456242707118
4,1e-12,0.4300000000000001,0.7251628664495114,0.70201643017177,0.7730263157894737,0.735812133072407,0.7930821572580645,0.735812133072407
4,1e-12,0.4400000000000001,0.7259771986970684,0.7052154195011338,0.7672697368421053,0.7349350137849547,0.7930821572580645,0.7349350137849547
4,1e-12,0.4500000000000001,0.7267915309446255,0.7104247104247104,0.756578947368421,0.7327757865392274,0.7930821572580645,0.7327757865392274
4,1e-12,0.46000000000000013,0.7271986970684039,0.7142857142857143,0.7483552631578947,0.7309236947791165,0.7930821572580645,0.7309236947791165
4,1e-12,0.47000000000000014,0.7284201954397395,0.7190742218675179,0.740953947368421,0.7298501417577966,0.7930821572580645,0.7298501417577966
4,1e-12,0.48000000000000015,0.7312703583061889,0.7274959083469722,0.7310855263157895,0.7292863002461033,0.7930821572580645,0.7292863002461033
4,1e-12,0.49000000000000016,0.7312703583061889,0.7305140961857379,0.7245065789473685,0.7274979355904211,0.7930821572580645,0.7274979355904211
4,1e-12,0.5000000000000002,0.7333061889250815,0.7383177570093458,0.7146381578947368,0.7262849979105724,0.7930821572580645,0.7262849979105724
4,1e-12,0.5100000000000002,0.7304560260586319,0.7396193771626297,0.703125,0.7209106239460371,0.7930821572580645,0.7209106239460371
4,1e-12,0.5200000000000002,0.7320846905537459,0.7473404255319149,0.6932565789473685,0.7192832764505119,0.7930821572580645,0.7192832764505119
4,1e-12,0.5300000000000002,0.7316775244299675,0.7502246181491464,0.6866776315789473,0.7170459424645771,0.7930821572580645,0.7170459424645771
4,1e-12,0.5400000000000003,0.7324918566775245,0.7576036866359447,0.6759868421052632,0.7144719687092568,0.7930821572580645,0.7144719687092568
4,1e-12,0.5500000000000003,0.7308631921824105,0.7620396600566572,0.6636513157894737,0.7094505494505494,0.7930821572580645,0.7094505494505494
4,1e-12,0.5600000000000003,0.7280130293159609,0.7634615384615384,0.6529605263157895,0.7039007092198581,0.7930821572580645,0.7039007092198581
4,1e-12,0.5700000000000003,0.7263843648208469,0.7693069306930693,0.6389802631578947,0.6981132075471698,0.7930821572580645,0.6981132075471698
4,1e-12,0.5800000000000003,0.7243485342019544,0.7747196738022426,0.625,0.6918525261720528,0.7930821572580645,0.6918525261720528
4,1e-12,0.5900000000000003,0.7194625407166124,0.7747653806047967,0.6110197368421053,0.6832183908045978,0.7930821572580645,0.6832183908045978
4,1e-12,0.6000000000000003,0.7129478827361564,0.7756202804746494,0.5912828947368421,0.6710219318712086,0.7930821572580645,0.6710219318712086
4,1e-12,0.6100000000000003,0.7100977198697068,0.7769230769230769,0.5814144736842105,0.665098777046096,0.7930821572580645,0.665098777046096
4,1e-12,0.6200000000000003,0.7076547231270358,0.7785234899328859,0.5723684210526315,0.6597156398104264,0.7930821572580645,0.6597156398104264
4,1e-12,0.6300000000000003,0.7035830618892508,0.7811059907834101,0.5575657894736842,0.6506717850287909,0.7930821572580645,0.6506717850287909
4,1e-12,0.6400000000000003,0.7003257328990228,0.7857142857142857,0.5427631578947368,0.642023346303502,0.7930821572580645,0.642023346303502
4,1e-12,0.6500000000000004,0.6982899022801303,0.7906976744186046,0.53125,0.6355140186915887,0.7930821572580645,0.6355140186915887
4,1e-12,0.6600000000000004,0.6950325732899023,0.7951959544879899,0.5172697368421053,0.6268061783756852,0.7930821572580645,0.6268061783756852
4,1e-12,0.6700000000000004,0.6917752442996743,0.7976653696498055,0.5057565789473685,0.6190236537493711,0.7930821572580645,0.6190236537493711
4,1e-12,0.6800000000000004,0.6856677524429967,0.8024523160762943,0.484375,0.6041025641025641,0.7930821572580645,0.6041025641025641
4,1e-12,0.6900000000000004,0.6840390879478827,0.8064066852367688,0.4761513157894737,0.5987590486039297,0.7930821572580645,0.5987590486039297
4,1e-12,0.7000000000000004,0.6795602605863192,0.8086330935251799,0.4621710526315789,0.5881737310308739,0.7930821572580645,0.5881737310308739
4,1e-10,0.3,0.6934039087947883,0.6375519904931669,0.8824013157894737,0.7402552604346325,0.7930821572580645,0.7402552604346325
4,1e-10,0.31,0.6970684039087948,0.6430303030303031,0.8725328947368421,0.7404047452896024,0.7930821572580645,0.7404047452896024
4,1e-10,0.32,0.7011400651465798,0.6478527607361964,0.868421052631579,0.7420941672522839,0.7930821572580645,0.7420941672522839
4,1e-10,0.33,0.7039902280130294,0.6523364485981309,0.8610197368421053,0.7422899680964198,0.7930821572580645,0.7422899680964198
4,1e-10,0.34,0.7096905537459284,0.6609085092770314,0.8495065789473685,0.7434328895286075,0.7930821572580645,0.7434328895286075
4,1e-10,0.35000000000000003,0.7121335504885994,0.6657980456026059,0.8404605263157895,0.7430025445292621,0.7930821572580645,0.7430025445292621
4,1e-10,0.36000000000000004,0.7149837133550488,0.6713147410358565,0.8314144736842105,0.7428361498897869,0.7930821572580645,0.7428361498897869
4,1e-10,0.37000000000000005,0.7170195439739414,0.676132521974307,0.8223684210526315,0.7421150278293136,0.7930821572580645,0.7421150278293136
4,1e-10,0.38000000000000006,0.7206840390879479,0.6827586206896552,0.8141447368421053,0.7426856714178545,0.7930821572580645,0.7426856714178545
4,1e-10,0.39000000000000007,0.7243485342019544,0.6896551724137931,0.805921052631579,0.7432688661357604,0.7930821572580645,0.7432688661357604
4,1e-10,0.4000000000000001,0.7251628664495114,0.6925266903914591,0.8001644736842105,0.7424647081266692,0.7930821572580645,0.7424647081266692
4,1e-10,0.4100000000000001,0.7235342019543974,0.6938628158844765,0.790296052631579,0.7389465590157632,0.7930821572580645,0.7389465590157632
4,1e-10,0.4200000000000001,0.7251628664495114,0.6996309963099631,0.7796052631578947,0.737456242707118,0.7930821572580645,0.737456242707118
4,1e-10,0.4300000000000001,0.7251628664495114,0.70201643017177,0.7730263157894737,0.735812133072407,0.7930821572580645,0.735812133072407
4,1e-10,0.4400000000000001,0.7259771986970684,0.7052154195011338,0.7672697368421053,0.7349350137849547,0.7930821572580645,0.7349350137849547
4,1e-10,0.4500000000000001,0.7267915309446255,0.7104247104247104,0.756578947368421,0.7327757865392274,0.7930821572580645,0.7327757865392274
4,1e-10,0.46000000000000013,0.7271986970684039,0.7142857142857143,0.7483552631578947,0.7309236947791165,0.7930821572580645,0.7309236947791165
4,1e-10,0.47000000000000014,0.7284201954397395,0.7190742218675179,0.740953947368421,0.7298501417577966,0.7930821572580645,0.7298501417577966
4,1e-10,0.48000000000000015,0.7312703583061889,0.7274959083469722,0.7310855263157895,0.7292863002461033,0.7930821572580645,0.7292863002461033
4,1e-10,0.49000000000000016,0.7312703583061889,0.7305140961857379,0.7245065789473685,0.7274979355904211,0.7930821572580645,0.7274979355904211
4,1e-10,0.5000000000000002,0.7333061889250815,0.7383177570093458,0.7146381578947368,0.7262849979105724,0.7930821572580645,0.7262849979105724
4,1e-10,0.5100000000000002,0.7304560260586319,0.7396193771626297,0.703125,0.7209106239460371,0.7930821572580645,0.7209106239460371
4,1e-10,0.5200000000000002,0.7320846905537459,0.7473404255319149,0.6932565789473685,0.7192832764505119,0.7930821572580645,0.7192832764505119
4,1e-10,0.5300000000000002,0.7316775244299675,0.7502246181491464,0.6866776315789473,0.7170459424645771,0.7930821572580645,0.7170459424645771
4,1e-10,0.5400000000000003,0.7324918566775245,0.7576036866359447,0.6759868421052632,0.7144719687092568,0.7930821572580645,0.7144719687092568
4,1e-10,0.5500000000000003,0.7308631921824105,0.7620396600566572,0.6636513157894737,0.7094505494505494,0.7930821572580645,0.7094505494505494
4,1e-10,0.5600000000000003,0.7280130293159609,0.7634615384615384,0.6529605263157895,0.7039007092198581,0.7930821572580645,0.7039007092198581
4,1e-10,0.5700000000000003,0.7263843648208469,0.7693069306930693,0.6389802631578947,0.6981132075471698,0.7930821572580645,0.6981132075471698
4,1e-10,0.5800000000000003,0.7243485342019544,0.7747196738022426,0.625,0.6918525261720528,0.7930821572580645,0.6918525261720528
4,1e-10,0.5900000000000003,0.7194625407166124,0.7747653806047967,0.6110197368421053,0.6832183908045978,0.7930821572580645,0.6832183908045978
4,1e-10,0.6000000000000003,0.7129478827361564,0.7756202804746494,0.5912828947368421,0.6710219318712086,0.7930821572580645,0.6710219318712086
4,1e-10,0.6100000000000003,0.7100977198697068,0.7769230769230769,0.5814144736842105,0.665098777046096,0.7930821572580645,0.665098777046096
4,1e-10,0.6200000000000003,0.7076547231270358,0.7785234899328859,0.5723684210526315,0.6597156398104264,0.7930821572580645,0.6597156398104264
4,1e-10,0.6300000000000003,0.7035830618892508,0.7811059907834101,0.5575657894736842,0.6506717850287909,0.7930821572580645,0.6506717850287909
4,1e-10,0.6400000000000003,0.7003257328990228,0.7857142857142857,0.5427631578947368,0.642023346303502,0.7930821572580645,0.642023346303502
4,1e-10,0.6500000000000004,0.6982899022801303,0.7906976744186046,0.53125,0.6355140186915887,0.7930821572580645,0.6355140186915887
4,1e-10,0.6600000000000004,0.6950325732899023,0.7951959544879899,0.5172697368421053,0.6268061783756852,0.7930821572580645,0.6268061783756852
4,1e-10,0.6700000000000004,0.6917752442996743,0.7976653696498055,0.5057565789473685,0.6190236537493711,0.7930821572580645,0.6190236537493711
4,1e-10,0.6800000000000004,0.6856677524429967,0.8024523160762943,0.484375,0.6041025641025641,0.7930821572580645,0.6041025641025641
4,1e-10,0.6900000000000004,0.6840390879478827,0.8064066852367688,0.4761513157894737,0.5987590486039297,0.7930821572580645,0.5987590486039297
4,1e-10,0.7000000000000004,0.6795602605863192,0.8086330935251799,0.4621710526315789,0.5881737310308739,0.7930821572580645,0.5881737310308739
4,1e-09,0.3,0.6934039087947883,0.6375519904931669,0.8824013157894737,0.7402552604346325,0.7930821572580645,0.7402552604346325
4,1e-09,0.31,0.6970684039087948,0.6430303030303031,0.8725328947368421,0.7404047452896024,0.7930821572580645,0.7404047452896024
4,1e-09,0.32,0.7011400651465798,0.6478527607361964,0.868421052631579,0.7420941672522839,0.7930821572580645,0.7420941672522839
4,1e-09,0.33,0.7039902280130294,0.6523364485981309,0.8610197368421053,0.7422899680964198,0.7930821572580645,0.7422899680964198
4,1e-09,0.34,0.7096905537459284,0.6609085092770314,0.8495065789473685,0.7434328895286075,0.7930821572580645,0.7434328895286075
4,1e-09,0.35000000000000003,0.7121335504885994,0.6657980456026059,0.8404605263157895,0.7430025445292621,0.7930821572580645,0.7430025445292621
4,1e-09,0.36000000000000004,0.7149837133550488,0.6713147410358565,0.8314144736842105,0.7428361498897869,0.7930821572580645,0.7428361498897869
4,1e-09,0.37000000000000005,0.7170195439739414,0.676132521974307,0.8223684210526315,0.7421150278293136,0.7930821572580645,0.7421150278293136
4,1e-09,0.38000000000000006,0.7206840390879479,0.6827586206896552,0.8141447368421053,0.7426856714178545,0.7930821572580645,0.7426856714178545
4,1e-09,0.39000000000000007,0.7243485342019544,0.6896551724137931,0.805921052631579,0.7432688661357604,0.7930821572580645,0.7432688661357604
4,1e-09,0.4000000000000001,0.7251628664495114,0.6925266903914591,0.8001644736842105,0.7424647081266692,0.7930821572580645,0.7424647081266692
4,1e-09,0.4100000000000001,0.7235342019543974,0.6938628158844765,0.790296052631579,0.7389465590157632,0.7930821572580645,0.7389465590157632
4,1e-09,0.4200000000000001,0.7251628664495114,0.6996309963099631,0.7796052631578947,0.737456242707118,0.7930821572580645,0.737456242707118
4,1e-09,0.4300000000000001,0.7251628664495114,0.70201643017177,0.7730263157894737,0.735812133072407,0.7930821572580645,0.735812133072407
4,1e-09,0.4400000000000001,0.7259771986970684,0.7052154195011338,0.7672697368421053,0.7349350137849547,0.7930821572580645,0.7349350137849547
4,1e-09,0.4500000000000001,0.7267915309446255,0.7104247104247104,0.756578947368421,0.7327757865392274,0.7930821572580645,0.7327757865392274
4,1e-09,0.46000000000000013,0.7271986970684039,0.7142857142857143,0.7483552631578947,0.7309236947791165,0.7930821572580645,0.7309236947791165
4,1e-09,0.47000000000000014,0.7284201954397395,0.7190742218675179,0.740953947368421,0.7298501417577966,0.7930821572580645,0.7298501417577966
4,1e-09,0.48000000000000015,0.7312703583061889,0.7274959083469722,0.7310855263157895,0.7292863002461033,0.7930821572580645,0.7292863002461033
4,1e-09,0.49000000000000016,0.7312703583061889,0.7305140961857379,0.7245065789473685,0.7274979355904211,0.7930821572580645,0.7274979355904211
4,1e-09,0.5000000000000002,0.7333061889250815,0.7383177570093458,0.7146381578947368,0.7262849979105724,0.7930821572580645,0.7262849979105724
4,1e-09,0.5100000000000002,0.7304560260586319,0.7396193771626297,0.703125,0.7209106239460371,0.7930821572580645,0.7209106239460371
4,1e-09,0.5200000000000002,0.7320846905537459,0.7473404255319149,0.6932565789473685,0.7192832764505119,0.7930821572580645,0.7192832764505119
4,1e-09,0.5300000000000002,0.7316775244299675,0.7502246181491464,0.6866776315789473,0.7170459424645771,0.7930821572580645,0.7170459424645771
4,1e-09,0.5400000000000003,0.7324918566775245,0.7576036866359447,0.6759868421052632,0.7144719687092568,0.7930821572580645,0.7144719687092568
4,1e-09,0.5500000000000003,0.7308631921824105,0.7620396600566572,0.6636513157894737,0.7094505494505494,0.7930821572580645,0.7094505494505494
4,1e-09,0.5600000000000003,0.7280130293159609,0.7634615384615384,0.6529605263157895,0.7039007092198581,0.7930821572580645,0.7039007092198581
4,1e-09,0.5700000000000003,0.7263843648208469,0.7693069306930693,0.6389802631578947,0.6981132075471698,0.7930821572580645,0.6981132075471698
4,1e-09,0.5800000000000003,0.7243485342019544,0.7747196738022426,0.625,0.6918525261720528,0.7930821572580645,0.6918525261720528
4,1e-09,0.5900000000000003,0.7194625407166124,0.7747653806047967,0.6110197368421053,0.6832183908045978,0.7930821572580645,0.6832183908045978
4,1e-09,0.6000000000000003,0.7129478827361564,0.7756202804746494,0.5912828947368421,0.6710219318712086,0.7930821572580645,0.6710219318712086
4,1e-09,0.6100000000000003,0.7100977198697068,0.7769230769230769,0.5814144736842105,0.665098777046096,0.7930821572580645,0.665098777046096
4,1e-09,0.6200000000000003,0.7076547231270358,0.7785234899328859,0.5723684210526315,0.6597156398104264,0.7930821572580645,0.6597156398104264
4,1e-09,0.6300000000000003,0.7035830618892508,0.7811059907834101,0.5575657894736842,0.6506717850287909,0.7930821572580645,0.6506717850287909
4,1e-09,0.6400000000000003,0.7003257328990228,0.7857142857142857,0.5427631578947368,0.642023346303502,0.7930821572580645,0.642023346303502
4,1e-09,0.6500000000000004,0.6982899022801303,0.7906976744186046,0.53125,0.6355140186915887,0.7930821572580645,0.6355140186915887
4,1e-09,0.6600000000000004,0.6950325732899023,0.7951959544879899,0.5172697368421053,0.6268061783756852,0.7930821572580645,0.6268061783756852
4,1e-09,0.6700000000000004,0.6917752442996743,0.7976653696498055,0.5057565789473685,0.6190236537493711,0.7930821572580645,0.6190236537493711
4,1e-09,0.6800000000000004,0.6856677524429967,0.8024523160762943,0.484375,0.6041025641025641,0.7930821572580645,0.6041025641025641
4,1e-09,0.6900000000000004,0.6840390879478827,0.8064066852367688,0.4761513157894737,0.5987590486039297,0.7930821572580645,0.5987590486039297
4,1e-09,0.7000000000000004,0.6795602605863192,0.8086330935251799,0.4621710526315789,0.5881737310308739,0.7930821572580645,0.5881737310308739
4,1e-08,0.3,0.6934039087947883,0.6375519904931669,0.8824013157894737,0.7402552604346325,0.7930821572580645,0.7402552604346325
4,1e-08,0.31,0.6970684039087948,0.6430303030303031,0.8725328947368421,0.7404047452896024,0.7930821572580645,0.7404047452896024
4,1e-08,0.32,0.7011400651465798,0.6478527607361964,0.868421052631579,0.7420941672522839,0.7930821572580645,0.7420941672522839
4,1e-08,0.33,0.7039902280130294,0.6523364485981309,0.8610197368421053,0.7422899680964198,0.7930821572580645,0.7422899680964198
4,1e-08,0.34,0.7096905537459284,0.6609085092770314,0.8495065789473685,0.7434328895286075,0.7930821572580645,0.7434328895286075
4,1e-08,0.35000000000000003,0.7121335504885994,0.6657980456026059,0.8404605263157895,0.7430025445292621,0.7930821572580645,0.7430025445292621
4,1e-08,0.36000000000000004,0.7149837133550488,0.6713147410358565,0.8314144736842105,0.7428361498897869,0.7930821572580645,0.7428361498897869
4,1e-08,0.37000000000000005,0.7170195439739414,0.676132521974307,0.8223684210526315,0.7421150278293136,0.7930821572580645,0.7421150278293136
4,1e-08,0.38000000000000006,0.7206840390879479,0.6827586206896552,0.8141447368421053,0.7426856714178545,0.7930821572580645,0.7426856714178545
4,1e-08,0.39000000000000007,0.7243485342019544,0.6896551724137931,0.805921052631579,0.7432688661357604,0.7930821572580645,0.7432688661357604
4,1e-08,0.4000000000000001,0.7251628664495114,0.6925266903914591,0.8001644736842105,0.7424647081266692,0.7930821572580645,0.7424647081266692
4,1e-08,0.4100000000000001,0.7235342019543974,0.6938628158844765,0.790296052631579,0.7389465590157632,0.7930821572580645,0.7389465590157632
4,1e-08,0.4200000000000001,0.7251628664495114,0.6996309963099631,0.7796052631578947,0.737456242707118,0.7930821572580645,0.737456242707118
4,1e-08,0.4300000000000001,0.7251628664495114,0.70201643017177,0.7730263157894737,0.735812133072407,0.7930821572580645,0.735812133072407
4,1e-08,0.4400000000000001,0.7259771986970684,0.7052154195011338,0.7672697368421053,0.7349350137849547,0.7930821572580645,0.7349350137849547
4,1e-08,0.4500000000000001,0.7267915309446255,0.7104247104247104,0.756578947368421,0.7327757865392274,0.7930821572580645,0.7327757865392274
4,1e-08,0.46000000000000013,0.7271986970684039,0.7142857142857143,0.7483552631578947,0.7309236947791165,0.7930821572580645,0.7309236947791165
4,1e-08,0.47000000000000014,0.7284201954397395,0.7190742218675179,0.740953947368421,0.7298501417577966,0.7930821572580645,0.7298501417577966
4,1e-08,0.48000000000000015,0.7312703583061889,0.7274959083469722,0.7310855263157895,0.7292863002461033,0.7930821572580645,0.7292863002461033
4,1e-08,0.49000000000000016,0.7312703583061889,0.7305140961857379,0.7245065789473685,0.7274979355904211,0.7930821572580645,0.7274979355904211
4,1e-08,0.5000000000000002,0.7333061889250815,0.7383177570093458,0.7146381578947368,0.7262849979105724,0.7930821572580645,0.7262849979105724
4,1e-08,0.5100000000000002,0.7304560260586319,0.7396193771626297,0.703125,0.7209106239460371,0.7930821572580645,0.7209106239460371
4,1e-08,0.5200000000000002,0.7320846905537459,0.7473404255319149,0.6932565789473685,0.7192832764505119,0.7930821572580645,0.7192832764505119
4,1e-08,0.5300000000000002,0.7316775244299675,0.7502246181491464,0.6866776315789473,0.7170459424645771,0.7930821572580645,0.7170459424645771
4,1e-08,0.5400000000000003,0.7324918566775245,0.7576036866359447,0.6759868421052632,0.7144719687092568,0.7930821572580645,0.7144719687092568
4,1e-08,0.5500000000000003,0.7308631921824105,0.7620396600566572,0.6636513157894737,0.7094505494505494,0.7930821572580645,0.7094505494505494
4,1e-08,0.5600000000000003,0.7280130293159609,0.7634615384615384,0.6529605263157895,0.7039007092198581,0.7930821572580645,0.7039007092198581
4,1e-08,0.5700000000000003,0.7263843648208469,0.7693069306930693,0.6389802631578947,0.6981132075471698,0.7930821572580645,0.6981132075471698
4,1e-08,0.5800000000000003,0.7243485342019544,0.7747196738022426,0.625,0.6918525261720528,0.7930821572580645,0.6918525261720528
4,1e-08,0.5900000000000003,0.7194625407166124,0.7747653806047967,0.6110197368421053,0.6832183908045978,0.7930821572580645,0.6832183908045978
4,1e-08,0.6000000000000003,0.7129478827361564,0.7756202804746494,0.5912828947368421,0.6710219318712086,0.7930821572580645,0.6710219318712086
4,1e-08,0.6100000000000003,0.7100977198697068,0.7769230769230769,0.5814144736842105,0.665098777046096,0.7930821572580645,0.665098777046096
4,1e-08,0.6200000000000003,0.7076547231270358,0.7785234899328859,0.5723684210526315,0.6597156398104264,0.7930821572580645,0.6597156398104264
4,1e-08,0.6300000000000003,0.7035830618892508,0.7811059907834101,0.5575657894736842,0.6506717850287909,0.7930821572580645,0.6506717850287909
4,1e-08,0.6400000000000003,0.7003257328990228,0.7857142857142857,0.5427631578947368,0.642023346303502,0.7930821572580645,0.642023346303502
4,1e-08,0.6500000000000004,0.6982899022801303,0.7906976744186046,0.53125,0.6355140186915887,0.7930821572580645,0.6355140186915887
4,1e-08,0.6600000000000004,0.6950325732899023,0.7951959544879899,0.5172697368421053,0.6268061783756852,0.7930821572580645,0.6268061783756852
4,1e-08,0.6700000000000004,0.6917752442996743,0.7976653696498055,0.5057565789473685,0.6190236537493711,0.7930821572580645,0.6190236537493711
4,1e-08,0.6800000000000004,0.6856677524429967,0.8024523160762943,0.484375,0.6041025641025641,0.7930821572580645,0.6041025641025641
4,1e-08,0.6900000000000004,0.6840390879478827,0.8064066852367688,0.4761513157894737,0.5987590486039297,0.7930821572580645,0.5987590486039297
4,1e-08,0.7000000000000004,0.6795602605863192,0.8086330935251799,0.4621710526315789,0.5881737310308739,0.7930821572580645,0.5881737310308739
4,1e-07,0.3,0.6934039087947883,0.6375519904931669,0.8824013157894737,0.7402552604346325,0.7930821572580645,0.7402552604346325
4,1e-07,0.31,0.6970684039087948,0.6430303030303031,0.8725328947368421,0.7404047452896024,0.7930821572580645,0.7404047452896024
4,1e-07,0.32,0.7011400651465798,0.6478527607361964,0.868421052631579,0.7420941672522839,0.7930821572580645,0.7420941672522839
4,1e-07,0.33,0.7039902280130294,0.6523364485981309,0.8610197368421053,0.7422899680964198,0.7930821572580645,0.7422899680964198
4,1e-07,0.34,0.7096905537459284,0.6609085092770314,0.8495065789473685,0.7434328895286075,0.7930821572580645,0.7434328895286075
4,1e-07,0.35000000000000003,0.7121335504885994,0.6657980456026059,0.8404605263157895,0.7430025445292621,0.7930821572580645,0.7430025445292621
4,1e-07,0.36000000000000004,0.7149837133550488,0.6713147410358565,0.8314144736842105,0.7428361498897869,0.7930821572580645,0.7428361498897869
4,1e-07,0.37000000000000005,0.7170195439739414,0.676132521974307,0.8223684210526315,0.7421150278293136,0.7930821572580645,0.7421150278293136
4,1e-07,0.38000000000000006,0.7206840390879479,0.6827586206896552,0.8141447368421053,0.7426856714178545,0.7930821572580645,0.7426856714178545
4,1e-07,0.39000000000000007,0.7243485342019544,0.6896551724137931,0.805921052631579,0.7432688661357604,0.7930821572580645,0.7432688661357604
4,1e-07,0.4000000000000001,0.7251628664495114,0.6925266903914591,0.8001644736842105,0.7424647081266692,0.7930821572580645,0.7424647081266692
4,1e-07,0.4100000000000001,0.7235342019543974,0.6938628158844765,0.790296052631579,0.7389465590157632,0.7930821572580645,0.7389465590157632
4,1e-07,0.4200000000000001,0.7251628664495114,0.6996309963099631,0.7796052631578947,0.737456242707118,0.7930821572580645,0.737456242707118
4,1e-07,0.4300000000000001,0.7251628664495114,0.70201643017177,0.7730263157894737,0.735812133072407,0.7930821572580645,0.735812133072407
4,1e-07,0.4400000000000001,0.7259771986970684,0.7052154195011338,0.7672697368421053,0.7349350137849547,0.7930821572580645,0.7349350137849547
4,1e-07,0.4500000000000001,0.7267915309446255,0.7104247104247104,0.756578947368421,0.7327757865392274,0.7930821572580645,0.7327757865392274
4,1e-07,0.46000000000000013,0.7271986970684039,0.7142857142857143,0.7483552631578947,0.7309236947791165,0.7930821572580645,0.7309236947791165
4,1e-07,0.47000000000000014,0.7284201954397395,0.7190742218675179,0.740953947368421,0.7298501417577966,0.7930821572580645,0.7298501417577966
4,1e-07,0.48000000000000015,0.7312703583061889,0.7274959083469722,0.7310855263157895,0.7292863002461033,0.7930821572580645,0.7292863002461033
4,1e-07,0.49000000000000016,0.7312703583061889,0.7305140961857379,0.7245065789473685,0.7274979355904211,0.7930821572580645,0.7274979355904211
4,1e-07,0.5000000000000002,0.7333061889250815,0.7383177570093458,0.7146381578947368,0.7262849979105724,0.7930821572580645,0.7262849979105724
4,1e-07,0.5100000000000002,0.7304560260586319,0.7396193771626297,0.703125,0.7209106239460371,0.7930821572580645,0.7209106239460371
4,1e-07,0.5200000000000002,0.7320846905537459,0.7473404255319149,0.6932565789473685,0.7192832764505119,0.7930821572580645,0.7192832764505119
4,1e-07,0.5300000000000002,0.7316775244299675,0.7502246181491464,0.6866776315789473,0.7170459424645771,0.7930821572580645,0.7170459424645771
4,1e-07,0.5400000000000003,0.7324918566775245,0.7576036866359447,0.6759868421052632,0.7144719687092568,0.7930821572580645,0.7144719687092568
4,1e-07,0.5500000000000003,0.7308631921824105,0.7620396600566572,0.6636513157894737,0.7094505494505494,0.7930821572580645,0.7094505494505494
4,1e-07,0.5600000000000003,0.7280130293159609,0.7634615384615384,0.6529605263157895,0.7039007092198581,0.7930821572580645,0.7039007092198581
4,1e-07,0.5700000000000003,0.7263843648208469,0.7693069306930693,0.6389802631578947,0.6981132075471698,0.7930821572580645,0.6981132075471698
4,1e-07,0.5800000000000003,0.7243485342019544,0.7747196738022426,0.625,0.6918525261720528,0.7930821572580645,0.6918525261720528
4,1e-07,0.5900000000000003,0.7194625407166124,0.7747653806047967,0.6110197368421053,0.6832183908045978,0.7930821572580645,0.6832183908045978
4,1e-07,0.6000000000000003,0.7129478827361564,0.7756202804746494,0.5912828947368421,0.6710219318712086,0.7930821572580645,0.6710219318712086
4,1e-07,0.6100000000000003,0.7100977198697068,0.7769230769230769,0.5814144736842105,0.665098777046096,0.7930821572580645,0.665098777046096
4,1e-07,0.6200000000000003,0.7076547231270358,0.7785234899328859,0.5723684210526315,0.6597156398104264,0.7930821572580645,0.6597156398104264
4,1e-07,0.6300000000000003,0.7035830618892508,0.7811059907834101,0.5575657894736842,0.6506717850287909,0.7930821572580645,0.6506717850287909
4,1e-07,0.6400000000000003,0.7003257328990228,0.7857142857142857,0.5427631578947368,0.642023346303502,0.7930821572580645,0.642023346303502
4,1e-07,0.6500000000000004,0.6982899022801303,0.7906976744186046,0.53125,0.6355140186915887,0.7930821572580645,0.6355140186915887
4,1e-07,0.6600000000000004,0.6950325732899023,0.7951959544879899,0.5172697368421053,0.6268061783756852,0.7930821572580645,0.6268061783756852
4,1e-07,0.6700000000000004,0.6917752442996743,0.7976653696498055,0.5057565789473685,0.6190236537493711,0.7930821572580645,0.6190236537493711
4,1e-07,0.6800000000000004,0.6856677524429967,0.8024523160762943,0.484375,0.6041025641025641,0.7930821572580645,0.6041025641025641
4,1e-07,0.6900000000000004,0.6840390879478827,0.8064066852367688,0.4761513157894737,0.5987590486039297,0.7930821572580645,0.5987590486039297
4,1e-07,0.7000000000000004,0.6795602605863192,0.8086330935251799,0.4621710526315789,0.5881737310308739,0.7930821572580645,0.5881737310308739
4,1e-06,0.3,0.6934039087947883,0.6375519904931669,0.8824013157894737,0.7402552604346325,0.7930821572580645,0.7402552604346325
4,1e-06,0.31,0.6970684039087948,0.6430303030303031,0.8725328947368421,0.7404047452896024,0.7930821572580645,0.7404047452896024
4,1e-06,0.32,0.7011400651465798,0.6478527607361964,0.868421052631579,0.7420941672522839,0.7930821572580645,0.7420941672522839
4,1e-06,0.33,0.7039902280130294,0.6523364485981309,0.8610197368421053,0.7422899680964198,0.7930821572580645,0.7422899680964198
4,1e-06,0.34,0.7096905537459284,0.6609085092770314,0.8495065789473685,0.7434328895286075,0.7930821572580645,0.7434328895286075
4,1e-06,0.35000000000000003,0.7121335504885994,0.6657980456026059,0.8404605263157895,0.7430025445292621,0.7930821572580645,0.7430025445292621
4,1e-06,0.36000000000000004,0.7149837133550488,0.6713147410358565,0.8314144736842105,0.7428361498897869,0.7930821572580645,0.7428361498897869
4,1e-06,0.37000000000000005,0.7170195439739414,0.676132521974307,0.8223684210526315,0.7421150278293136,0.7930821572580645,0.7421150278293136
4,1e-06,0.38000000000000006,0.7206840390879479,0.6827586206896552,0.8141447368421053,0.7426856714178545,0.7930821572580645,0.7426856714178545
4,1e-06,0.39000000000000007,0.7243485342019544,0.6896551724137931,0.805921052631579,0.7432688661357604,0.7930821572580645,0.7432688661357604
4,1e-06,0.4000000000000001,0.7251628664495114,0.6925266903914591,0.8001644736842105,0.7424647081266692,0.7930821572580645,0.7424647081266692
4,1e-06,0.4100000000000001,0.7235342019543974,0.6938628158844765,0.790296052631579,0.7389465590157632,0.7930821572580645,0.7389465590157632
4,1e-06,0.4200000000000001,0.7251628664495114,0.6996309963099631,0.7796052631578947,0.737456242707118,0.7930821572580645,0.737456242707118
4,1e-06,0.4300000000000001,0.7251628664495114,0.70201643017177,0.7730263157894737,0.735812133072407,0.7930821572580645,0.735812133072407
4,1e-06,0.4400000000000001,0.7259771986970684,0.7052154195011338,0.7672697368421053,0.7349350137849547,0.7930821572580645,0.7349350137849547
4,1e-06,0.4500000000000001,0.7267915309446255,0.7104247104247104,0.756578947368421,0.7327757865392274,0.7930821572580645,0.7327757865392274
4,1e-06,0.46000000000000013,0.7271986970684039,0.7142857142857143,0.7483552631578947,0.7309236947791165,0.7930821572580645,0.7309236947791165
4,1e-06,0.47000000000000014,0.7284201954397395,0.7190742218675179,0.740953947368421,0.7298501417577966,0.7930821572580645,0.7298501417577966
4,1e-06,0.48000000000000015,0.7312703583061889,0.7274959083469722,0.7310855263157895,0.7292863002461033,0.7930821572580645,0.7292863002461033
4,1e-06,0.49000000000000016,0.7312703583061889,0.7305140961857379,0.7245065789473685,0.7274979355904211,0.7930821572580645,0.7274979355904211
4,1e-06,0.5000000000000002,0.7333061889250815,0.7383177570093458,0.7146381578947368,0.7262849979105724,0.7930821572580645,0.7262849979105724
4,1e-06,0.5100000000000002,0.7304560260586319,0.7396193771626297,0.703125,0.7209106239460371,0.7930821572580645,0.7209106239460371
4,1e-06,0.5200000000000002,0.7320846905537459,0.7473404255319149,0.6932565789473685,0.7192832764505119,0.7930821572580645,0.7192832764505119
4,1e-06,0.5300000000000002,0.7316775244299675,0.7502246181491464,0.6866776315789473,0.7170459424645771,0.7930821572580645,0.7170459424645771
4,1e-06,0.5400000000000003,0.7324918566775245,0.7576036866359447,0.6759868421052632,0.7144719687092568,0.7930821572580645,0.7144719687092568
4,1e-06,0.5500000000000003,0.7308631921824105,0.7620396600566572,0.6636513157894737,0.7094505494505494,0.7930821572580645,0.7094505494505494
4,1e-06,0.5600000000000003,0.7280130293159609,0.7634615384615384,0.6529605263157895,0.7039007092198581,0.7930821572580645,0.7039007092198581
4,1e-06,0.5700000000000003,0.7263843648208469,0.7693069306930693,0.6389802631578947,0.6981132075471698,0.7930821572580645,0.6981132075471698
4,1e-06,0.5800000000000003,0.7243485342019544,0.7747196738022426,0.625,0.6918525261720528,0.7930821572580645,0.6918525261720528
4,1e-06,0.5900000000000003,0.7194625407166124,0.7747653806047967,0.6110197368421053,0.6832183908045978,0.7930821572580645,0.6832183908045978
4,1e-06,0.6000000000000003,0.7129478827361564,0.7756202804746494,0.5912828947368421,0.6710219318712086,0.7930821572580645,0.6710219318712086
4,1e-06,0.6100000000000003,0.7100977198697068,0.7769230769230769,0.5814144736842105,0.665098777046096,0.7930821572580645,0.665098777046096
4,1e-06,0.6200000000000003,0.7076547231270358,0.7785234899328859,0.5723684210526315,0.6597156398104264,0.7930821572580645,0.6597156398104264
4,1e-06,0.6300000000000003,0.7035830618892508,0.7811059907834101,0.5575657894736842,0.6506717850287909,0.7930821572580645,0.6506717850287909
4,1e-06,0.6400000000000003,0.7003257328990228,0.7857142857142857,0.5427631578947368,0.642023346303502,0.7930821572580645,0.642023346303502
4,1e-06,0.6500000000000004,0.6982899022801303,0.7906976744186046,0.53125,0.6355140186915887,0.7930821572580645,0.6355140186915887
4,1e-06,0.6600000000000004,0.6950325732899023,0.7951959544879899,0.5172697368421053,0.6268061783756852,0.7930821572580645,0.6268061783756852
4,1e-06,0.6700000000000004,0.6917752442996743,0.7976653696498055,0.5057565789473685,0.6190236537493711,0.7930821572580645,0.6190236537493711
4,1e-06,0.6800000000000004,0.6856677524429967,0.8024523160762943,0.484375,0.6041025641025641,0.7930821572580645,0.6041025641025641
4,1e-06,0.6900000000000004,0.6840390879478827,0.8064066852367688,0.4761513157894737,0.5987590486039297,0.7930821572580645,0.5987590486039297
4,1e-06,0.7000000000000004,0.6795602605863192,0.8086330935251799,0.4621710526315789,0.5881737310308739,0.7930821572580645,0.5881737310308739
4,1e-05,0.3,0.6934039087947883,0.6375519904931669,0.8824013157894737,0.7402552604346325,0.7930821572580645,0.7402552604346325
4,1e-05,0.31,0.6970684039087948,0.6430303030303031,0.8725328947368421,0.7404047452896024,0.7930821572580645,0.7404047452896024
4,1e-05,0.32,0.7011400651465798,0.6478527607361964,0.868421052631579,0.7420941672522839,0.7930821572580645,0.7420941672522839
4,1e-05,0.33,0.7039902280130294,0.6523364485981309,0.8610197368421053,0.7422899680964198,0.7930821572580645,0.7422899680964198
4,1e-05,0.34,0.7096905537459284,0.6609085092770314,0.8495065789473685,0.7434328895286075,0.7930821572580645,0.7434328895286075
4,1e-05,0.35000000000000003,0.7121335504885994,0.6657980456026059,0.8404605263157895,0.7430025445292621,0.7930821572580645,0.7430025445292621
4,1e-05,0.36000000000000004,0.7149837133550488,0.6713147410358565,0.8314144736842105,0.7428361498897869,0.7930821572580645,0.7428361498897869
4,1e-05,0.37000000000000005,0.7170195439739414,0.676132521974307,0.8223684210526315,0.7421150278293136,0.7930821572580645,0.7421150278293136
4,1e-05,0.38000000000000006,0.7206840390879479,0.6827586206896552,0.8141447368421053,0.7426856714178545,0.7930821572580645,0.7426856714178545
4,1e-05,0.39000000000000007,0.7243485342019544,0.6896551724137931,0.805921052631579,0.7432688661357604,0.7930821572580645,0.7432688661357604
4,1e-05,0.4000000000000001,0.7251628664495114,0.6925266903914591,0.8001644736842105,0.7424647081266692,0.7930821572580645,0.7424647081266692
4,1e-05,0.4100000000000001,0.7235342019543974,0.6938628158844765,0.790296052631579,0.7389465590157632,0.7930821572580645,0.7389465590157632
4,1e-05,0.4200000000000001,0.7251628664495114,0.6996309963099631,0.7796052631578947,0.737456242707118,0.7930821572580645,0.737456242707118
4,1e-05,0.4300000000000001,0.7251628664495114,0.70201643017177,0.7730263157894737,0.735812133072407,0.7930821572580645,0.735812133072407
4,1e-05,0.4400000000000001,0.7259771986970684,0.7052154195011338,0.7672697368421053,0.7349350137849547,0.7930821572580645,0.7349350137849547
4,1e-05,0.4500000000000001,0.7267915309446255,0.7104247104247104,0.756578947368421,0.7327757865392274,0.7930821572580645,0.7327757865392274
4,1e-05,0.46000000000000013,0.7271986970684039,0.7142857142857143,0.7483552631578947,0.7309236947791165,0.7930821572580645,0.7309236947791165
4,1e-05,0.47000000000000014,0.7284201954397395,0.7190742218675179,0.740953947368421,0.7298501417577966,0.7930821572580645,0.7298501417577966
4,1e-05,0.48000000000000015,0.7312703583061889,0.7274959083469722,0.7310855263157895,0.7292863002461033,0.7930821572580645,0.7292863002461033
4,1e-05,0.49000000000000016,0.7312703583061889,0.7305140961857379,0.7245065789473685,0.7274979355904211,0.7930821572580645,0.7274979355904211
4,1e-05,0.5000000000000002,0.7333061889250815,0.7383177570093458,0.7146381578947368,0.7262849979105724,0.7930821572580645,0.7262849979105724
4,1e-05,0.5100000000000002,0.7304560260586319,0.7396193771626297,0.703125,0.7209106239460371,0.7930821572580645,0.7209106239460371
4,1e-05,0.5200000000000002,0.7320846905537459,0.7473404255319149,0.6932565789473685,0.7192832764505119,0.7930821572580645,0.7192832764505119
4,1e-05,0.5300000000000002,0.7316775244299675,0.7502246181491464,0.6866776315789473,0.7170459424645771,0.7930821572580645,0.7170459424645771
4,1e-05,0.5400000000000003,0.7324918566775245,0.7576036866359447,0.6759868421052632,0.7144719687092568,0.7930821572580645,0.7144719687092568
4,1e-05,0.5500000000000003,0.7308631921824105,0.7620396600566572,0.6636513157894737,0.7094505494505494,0.7930821572580645,0.7094505494505494
4,1e-05,0.5600000000000003,0.7280130293159609,0.7634615384615384,0.6529605263157895,0.7039007092198581,0.7930821572580645,0.7039007092198581
4,1e-05,0.5700000000000003,0.7263843648208469,0.7693069306930693,0.6389802631578947,0.6981132075471698,0.7930821572580645,0.6981132075471698
4,1e-05,0.5800000000000003,0.7243485342019544,0.7747196738022426,0.625,0.6918525261720528,0.7930821572580645,0.6918525261720528
4,1e-05,0.5900000000000003,0.7194625407166124,0.7747653806047967,0.6110197368421053,0.6832183908045978,0.7930821572580645,0.6832183908045978
4,1e-05,0.6000000000000003,0.7129478827361564,0.7756202804746494,0.5912828947368421,0.6710219318712086,0.7930821572580645,0.6710219318712086
4,1e-05,0.6100000000000003,0.7100977198697068,0.7769230769230769,0.5814144736842105,0.665098777046096,0.7930821572580645,0.665098777046096
4,1e-05,0.6200000000000003,0.7076547231270358,0.7785234899328859,0.5723684210526315,0.6597156398104264,0.7930821572580645,0.6597156398104264
4,1e-05,0.6300000000000003,0.7035830618892508,0.7811059907834101,0.5575657894736842,0.6506717850287909,0.7930821572580645,0.6506717850287909
4,1e-05,0.6400000000000003,0.7003257328990228,0.7857142857142857,0.5427631578947368,0.642023346303502,0.7930821572580645,0.642023346303502
4,1e-05,0.6500000000000004,0.6982899022801303,0.7906976744186046,0.53125,0.6355140186915887,0.7930821572580645,0.6355140186915887
4,1e-05,0.6600000000000004,0.6950325732899023,0.7951959544879899,0.5172697368421053,0.6268061783756852,0.7930821572580645,0.6268061783756852
4,1e-05,0.6700000000000004,0.6917752442996743,0.7976653696498055,0.5057565789473685,0.6190236537493711,0.7930821572580645,0.6190236537493711
4,1e-05,0.6800000000000004,0.6856677524429967,0.8024523160762943,0.484375,0.6041025641025641,0.7930821572580645,0.6041025641025641
4,1e-05,0.6900000000000004,0.6840390879478827,0.8064066852367688,0.4761513157894737,0.5987590486039297,0.7930821572580645,0.5987590486039297
4,1e-05,0.7000000000000004,0.6795602605863192,0.8086330935251799,0.4621710526315789,0.5881737310308739,0.7930821572580645,0.5881737310308739
5,1e-12,0.3,0.6982899022801303,0.6429861529199278,0.8782894736842105,0.7424400417101147,0.8032072368421054,0.7424400417101147
5,1e-12,0.31,0.7007328990228013,0.6470948012232416,0.8700657894736842,0.7421957207997194,0.8032072368421054,0.7421957207997194
5,1e-12,0.32,0.7052117263843648,0.653558052434457,0.8610197368421053,0.7430801987224982,0.8032072368421054,0.7430801987224982
5,1e-12,0.33,0.7109120521172638,0.660941475826972,0.8544407894736842,0.7453371592539455,0.8032072368421054,0.7453371592539455
5,1e-12,0.34,0.7141693811074918,0.6651670951156813,0.8511513157894737,0.7467532467532468,0.8032072368421054,0.7467532467532468
5,1e-12,0.35000000000000003,0.7149837133550488,0.6675324675324675,0.8453947368421053,0.7460087082728594,0.8032072368421054,0.7460087082728594
5,1e-12,0.36000000000000004,0.7219055374592834,0.6763732627399074,0.8404605263157895,0.7495416208287496,0.8032072368421054,0.7495416208287496
5,1e-12,0.37000000000000005,0.7231270358306189,0.6801075268817204,0.8322368421052632,0.7485207100591715,0.8032072368421054,0.7485207100591715
5,1e-12,0.38000000000000006,0.7288273615635179,0.6873297002724795,0.8297697368421053,0.7518628912071535,0.8032072368421054,0.7518628912071535
5,1e-12,0.39000000000000007,0.7280130293159609,0.6897506925207756,0.819078947368421,0.7488721804511278,0.8032072368421054,0.7488721804511278
5,1e-12,0.4000000000000001,0.7300488599348535,0.6959603118355776,0.8075657894736842,0.7476208602969165,0.8032072368421054,0.7476208602969165
5,1e-12,0.4100000000000001,0.7337133550488599,0.7036231884057971,0.7985197368421053,0.7480739599383668,0.8032072368421054,0.7480739599383668
5,1e-12,0.4200000000000001,0.7341205211726385,0.7077490774907749,0.7886513157894737,0.7460132244262933,0.8032072368421054,0.7460132244262933
5,1e-12,0.4300000000000001,0.7406351791530945,0.7175056348610067,0.7853618421052632,0.7499018453082058,0.8032072368421054,0.7499018453082058
5,1e-12,0.4400000000000001,0.7406351791530945,0.7221795855717574,0.7738486842105263,0.7471218737594283,0.8032072368421054,0.7471218737594283
5,1e-12,0.4500000000000001,0.742671009771987,0.7277691107644306,0.7672697368421053,0.7469975980784629,0.8032072368421054,0.7469975980784629
5,1e-12,0.46000000000000013,0.741042345276873,0.7297939778129953,0.7574013157894737,0.7433414043583535,0.8032072368421054,0.7433414043583535
5,1e-12,0.47000000000000014,0.7438925081433225,0.7376518218623481,0.7491776315789473,0.7433700530395757,0.8032072368421054,0.7433700530395757
5,1e-12,0.48000000000000015,0.742671009771987,0.7413223140495868,0.7376644736842105,0.7394888705688376,0.8032072368421054,0.7394888705688376
5,1e-12,0.49000000000000016,0.7381921824104235,0.7425910245554614,0.7212171052631579,0.7317480183562787,0.8032072368421054,0.7317480183562787
5,1e-12,0.5000000000000002,0.7381921824104235,0.7471958584987057,0.712171052631579,0.7292631578947368,0.8032072368421054,0.7292631578947368
5,1e-12,0.5100000000000002,0.7365635179153095,0.7493426818580193,0.703125,0.7254985150615189,0.8032072368421054,0.7254985150615189
5,1e-12,0.5200000000000002,0.7373778501628665,0.7551385165326184,0.6949013157894737,0.7237687366167025,0.8032072368421054,0.7237687366167025
5,1e-12,0.5300000000000002,0.7369706840390879,0.7581521739130435,0.6883223684210527,0.721551724137931,0.8032072368421054,0.721551724137931
5,1e-12,0.5400000000000003,0.7324918566775245,0.76,0.671875,0.7132256656481886,0.8032072368421054,0.7132256656481886
5,1e-12,0.5500000000000003,0.7312703583061889,0.7627599243856332,0.6636513157894737,0.7097625329815304,0.8032072368421054,0.7097625329815304
5,1e-12,0.5600000000000003,0.7312703583061889,0.7662835249042146,0.6578947368421053,0.7079646017699115,0.8032072368421054,0.7079646017699115
5,1e-12,0.5700000000000003,0.7284201954397395,0.7709772951628825,0.6422697368421053,0.7007626738447735,0.8032072368421054,0.7007626738447735
5,1e-12,0.5800000000000003,0.7263843648208469,0.7753036437246964,0.6299342105263158,0.6950998185117967,0.8032072368421054,0.6950998185117967
5,1e-12,0.5900000000000003,0.7259771986970684,0.7807652533609101,0.6208881578947368,0.6917086578103527,0.8032072368421054,0.6917086578103527
5,1e-12,0.6000000000000003,0.7251628664495114,0.7856388595564942,0.6118421052631579,0.6879334257975035,0.8032072368421054,0.6879334257975035
5,1e-12,0.6100000000000003,0.7243485342019544,0.7913513513513514,0.6019736842105263,0.6837926202709014,0.8032072368421054,0.6837926202709014
5,1e-12,0.6200000000000003,0.7190553745928339,0.7928730512249443,0.5855263157894737,0.6736045411542101,0.8032072368421054,0.6736045411542101
5,1e-12,0.6300000000000003,0.7170195439739414,0.7983963344788088,0.5731907894736842,0.6673049305887984,0.8032072368421054,0.6673049305887984
5,1e-12,0.6400000000000003,0.7166123778501629,0.8051643192488263,0.5641447368421053,0.6634429400386848,0.8032072368421054,0.6634429400386848
5,1e-12,0.6500000000000004,0.7096905537459284,0.8055893074119077,0.5452302631578947,0.6503187837175085,0.8032072368421054,0.6503187837175085
5,1e-12,0.6600000000000004,0.7043973941368078,0.8070175438596491,0.5296052631578947,0.6395233366434956,0.8032072368421054,0.6395233366434956
5,1e-12,0.6700000000000004,0.7015472312703583,0.8108108108108109,0.5180921052631579,0.6322127446061214,0.8032072368421054,0.6322127446061214
5,1e-12,0.6800000000000004,0.6995114006514658,0.8153034300791556,0.5082236842105263,0.6261398176291793,0.8032072368421054,0.6261398176291793
5,1e-12,0.6900000000000004,0.6938110749185668,0.8178082191780822,0.4909539473684211,0.6135662898252827,0.8032072368421054,0.6135662898252827
5,1e-12,0.7000000000000004,0.6901465798045603,0.8181818181818182,0.4810855263157895,0.6059036768513724,0.8032072368421054,0.6059036768513724
5,1e-10,0.3,0.6982899022801303,0.6429861529199278,0.8782894736842105,0.7424400417101147,0.8032072368421054,0.7424400417101147
5,1e-10,0.31,0.7007328990228013,0.6470948012232416,0.8700657894736842,0.7421957207997194,0.8032072368421054,0.7421957207997194
5,1e-10,0.32,0.7052117263843648,0.653558052434457,0.8610197368421053,0.7430801987224982,0.8032072368421054,0.7430801987224982
5,1e-10,0.33,0.7109120521172638,0.660941475826972,0.8544407894736842,0.7453371592539455,0.8032072368421054,0.7453371592539455
5,1e-10,0.34,0.7141693811074918,0.6651670951156813,0.8511513157894737,0.7467532467532468,0.8032072368421054,0.7467532467532468
5,1e-10,0.35000000000000003,0.7149837133550488,0.6675324675324675,0.8453947368421053,0.7460087082728594,0.8032072368421054,0.7460087082728594
5,1e-10,0.36000000000000004,0.7219055374592834,0.6763732627399074,0.8404605263157895,0.7495416208287496,0.8032072368421054,0.7495416208287496
5,1e-10,0.37000000000000005,0.7231270358306189,0.6801075268817204,0.8322368421052632,0.7485207100591715,0.8032072368421054,0.7485207100591715
5,1e-10,0.38000000000000006,0.7288273615635179,0.6873297002724795,0.8297697368421053,0.7518628912071535,0.8032072368421054,0.7518628912071535
5,1e-10,0.39000000000000007,0.7280130293159609,0.6897506925207756,0.819078947368421,0.7488721804511278,0.8032072368421054,0.7488721804511278
5,1e-10,0.4000000000000001,0.7300488599348535,0.6959603118355776,0.8075657894736842,0.7476208602969165,0.8032072368421054,0.7476208602969165
5,1e-10,0.4100000000000001,0.7337133550488599,0.7036231884057971,0.7985197368421053,0.7480739599383668,0.8032072368421054,0.7480739599383668
5,1e-10,0.4200000000000001,0.7341205211726385,0.7077490774907749,0.7886513157894737,0.7460132244262933,0.8032072368421054,0.7460132244262933
5,1e-10,0.4300000000000001,0.7406351791530945,0.7175056348610067,0.7853618421052632,0.7499018453082058,0.8032072368421054,0.7499018453082058
5,1e-10,0.4400000000000001,0.7406351791530945,0.7221795855717574,0.7738486842105263,0.7471218737594283,0.8032072368421054,0.7471218737594283
5,1e-10,0.4500000000000001,0.742671009771987,0.7277691107644306,0.7672697368421053,0.7469975980784629,0.8032072368421054,0.7469975980784629
5,1e-10,0.46000000000000013,0.741042345276873,0.7297939778129953,0.7574013157894737,0.7433414043583535,0.8032072368421054,0.7433414043583535
5,1e-10,0.47000000000000014,0.7438925081433225,0.7376518218623481,0.7491776315789473,0.7433700530395757,0.8032072368421054,0.7433700530395757
5,1e-10,0.48000000000000015,0.742671009771987,0.7413223140495868,0.7376644736842105,0.7394888705688376,0.8032072368421054,0.7394888705688376
5,1e-10,0.49000000000000016,0.7381921824104235,0.7425910245554614,0.7212171052631579,0.7317480183562787,0.8032072368421054,0.7317480183562787
5,1e-10,0.5000000000000002,0.7381921824104235,0.7471958584987057,0.712171052631579,0.7292631578947368,0.8032072368421054,0.7292631578947368
5,1e-10,0.5100000000000002,0.7365635179153095,0.7493426818580193,0.703125,0.7254985150615189,0.8032072368421054,0.7254985150615189
5,1e-10,0.5200000000000002,0.7373778501628665,0.7551385165326184,0.6949013157894737,0.7237687366167025,0.8032072368421054,0.7237687366167025
5,1e-10,0.5300000000000002,0.7369706840390879,0.7581521739130435,0.6883223684210527,0.721551724137931,0.8032072368421054,0.721551724137931
5,1e-10,0.5400000000000003,0.7324918566775245,0.76,0.671875,0.7132256656481886,0.8032072368421054,0.7132256656481886
5,1e-10,0.5500000000000003,0.7312703583061889,0.7627599243856332,0.6636513157894737,0.7097625329815304,0.8032072368421054,0.7097625329815304
5,1e-10,0.5600000000000003,0.7312703583061889,0.7662835249042146,0.6578947368421053,0.7079646017699115,0.8032072368421054,0.7079646017699115
5,1e-10,0.5700000000000003,0.7284201954397395,0.7709772951628825,0.6422697368421053,0.7007626738447735,0.8032072368421054,0.7007626738447735
5,1e-10,0.5800000000000003,0.7263843648208469,0.7753036437246964,0.6299342105263158,0.6950998185117967,0.8032072368421054,0.6950998185117967
5,1e-10,0.5900000000000003,0.7259771986970684,0.7807652533609101,0.6208881578947368,0.6917086578103527,0.8032072368421054,0.6917086578103527
5,1e-10,0.6000000000000003,0.7251628664495114,0.7856388595564942,0.6118421052631579,0.6879334257975035,0.8032072368421054,0.6879334257975035
5,1e-10,0.6100000000000003,0.7243485342019544,0.7913513513513514,0.6019736842105263,0.6837926202709014,0.8032072368421054,0.6837926202709014
5,1e-10,0.6200000000000003,0.7190553745928339,0.7928730512249443,0.5855263157894737,0.6736045411542101,0.8032072368421054,0.6736045411542101
5,1e-10,0.6300000000000003,0.7170195439739414,0.7983963344788088,0.5731907894736842,0.6673049305887984,0.8032072368421054,0.6673049305887984
5,1e-10,0.6400000000000003,0.7166123778501629,0.8051643192488263,0.5641447368421053,0.6634429400386848,0.8032072368421054,0.6634429400386848
5,1e-10,0.6500000000000004,0.7096905537459284,0.8055893074119077,0.5452302631578947,0.6503187837175085,0.8032072368421054,0.6503187837175085
5,1e-10,0.6600000000000004,0.7043973941368078,0.8070175438596491,0.5296052631578947,0.6395233366434956,0.8032072368421054,0.6395233366434956
5,1e-10,0.6700000000000004,0.7015472312703583,0.8108108108108109,0.5180921052631579,0.6322127446061214,0.8032072368421054,0.6322127446061214
5,1e-10,0.6800000000000004,0.6995114006514658,0.8153034300791556,0.5082236842105263,0.6261398176291793,0.8032072368421054,0.6261398176291793
5,1e-10,0.6900000000000004,0.6938110749185668,0.8178082191780822,0.4909539473684211,0.6135662898252827,0.8032072368421054,0.6135662898252827
5,1e-10,0.7000000000000004,0.6901465798045603,0.8181818181818182,0.4810855263157895,0.6059036768513724,0.8032072368421054,0.6059036768513724
5,1e-09,0.3,0.6982899022801303,0.6429861529199278,0.8782894736842105,0.7424400417101147,0.8032072368421054,0.7424400417101147
5,1e-09,0.31,0.7007328990228013,0.6470948012232416,0.8700657894736842,0.7421957207997194,0.8032072368421054,0.7421957207997194
5,1e-09,0.32,0.7052117263843648,0.653558052434457,0.8610197368421053,0.7430801987224982,0.8032072368421054,0.7430801987224982
5,1e-09,0.33,0.7109120521172638,0.660941475826972,0.8544407894736842,0.7453371592539455,0.8032072368421054,0.7453371592539455
5,1e-09,0.34,0.7141693811074918,0.6651670951156813,0.8511513157894737,0.7467532467532468,0.8032072368421054,0.7467532467532468
5,1e-09,0.35000000000000003,0.7149837133550488,0.6675324675324675,0.8453947368421053,0.7460087082728594,0.8032072368421054,0.7460087082728594
5,1e-09,0.36000000000000004,0.7219055374592834,0.6763732627399074,0.8404605263157895,0.7495416208287496,0.8032072368421054,0.7495416208287496
5,1e-09,0.37000000000000005,0.7231270358306189,0.6801075268817204,0.8322368421052632,0.7485207100591715,0.8032072368421054,0.7485207100591715
5,1e-09,0.38000000000000006,0.7288273615635179,0.6873297002724795,0.8297697368421053,0.7518628912071535,0.8032072368421054,0.7518628912071535
5,1e-09,0.39000000000000007,0.7280130293159609,0.6897506925207756,0.819078947368421,0.7488721804511278,0.8032072368421054,0.7488721804511278
5,1e-09,0.4000000000000001,0.7300488599348535,0.6959603118355776,0.8075657894736842,0.7476208602969165,0.8032072368421054,0.7476208602969165
5,1e-09,0.4100000000000001,0.7337133550488599,0.7036231884057971,0.7985197368421053,0.7480739599383668,0.8032072368421054,0.7480739599383668
5,1e-09,0.4200000000000001,0.7341205211726385,0.7077490774907749,0.7886513157894737,0.7460132244262933,0.8032072368421054,0.7460132244262933
5,1e-09,0.4300000000000001,0.7406351791530945,0.7175056348610067,0.7853618421052632,0.7499018453082058,0.8032072368421054,0.7499018453082058
5,1e-09,0.4400000000000001,0.7406351791530945,0.7221795855717574,0.7738486842105263,0.7471218737594283,0.8032072368421054,0.7471218737594283
5,1e-09,0.4500000000000001,0.742671009771987,0.7277691107644306,0.7672697368421053,0.7469975980784629,0.8032072368421054,0.7469975980784629
5,1e-09,0.46000000000000013,0.741042345276873,0.7297939778129953,0.7574013157894737,0.7433414043583535,0.8032072368421054,0.7433414043583535
5,1e-09,0.47000000000000014,0.7438925081433225,0.7376518218623481,0.7491776315789473,0.7433700530395757,0.8032072368421054,0.7433700530395757
5,1e-09,0.48000000000000015,0.742671009771987,0.7413223140495868,0.7376644736842105,0.7394888705688376,0.8032072368421054,0.7394888705688376
5,1e-09,0.49000000000000016,0.7381921824104235,0.7425910245554614,0.7212171052631579,0.7317480183562787,0.8032072368421054,0.7317480183562787
5,1e-09,0.5000000000000002,0.7381921824104235,0.7471958584987057,0.712171052631579,0.7292631578947368,0.8032072368421054,0.7292631578947368
5,1e-09,0.5100000000000002,0.7365635179153095,0.7493426818580193,0.703125,0.7254985150615189,0.8032072368421054,0.7254985150615189
5,1e-09,0.5200000000000002,0.7373778501628665,0.7551385165326184,0.6949013157894737,0.7237687366167025,0.8032072368421054,0.7237687366167025
5,1e-09,0.5300000000000002,0.7369706840390879,0.7581521739130435,0.6883223684210527,0.721551724137931,0.8032072368421054,0.721551724137931
5,1e-09,0.5400000000000003,0.7324918566775245,0.76,0.671875,0.7132256656481886,0.8032072368421054,0.7132256656481886
5,1e-09,0.5500000000000003,0.7312703583061889,0.7627599243856332,0.6636513157894737,0.7097625329815304,0.8032072368421054,0.7097625329815304
5,1e-09,0.5600000000000003,0.7312703583061889,0.7662835249042146,0.6578947368421053,0.7079646017699115,0.8032072368421054,0.7079646017699115
5,1e-09,0.5700000000000003,0.7284201954397395,0.7709772951628825,0.6422697368421053,0.7007626738447735,0.8032072368421054,0.7007626738447735
5,1e-09,0.5800000000000003,0.7263843648208469,0.7753036437246964,0.6299342105263158,0.6950998185117967,0.8032072368421054,0.6950998185117967
5,1e-09,0.5900000000000003,0.7259771986970684,0.7807652533609101,0.6208881578947368,0.6917086578103527,0.8032072368421054,0.6917086578103527
5,1e-09,0.6000000000000003,0.7251628664495114,0.7856388595564942,0.6118421052631579,0.6879334257975035,0.8032072368421054,0.6879334257975035
5,1e-09,0.6100000000000003,0.7243485342019544,0.7913513513513514,0.6019736842105263,0.6837926202709014,0.8032072368421054,0.6837926202709014
5,1e-09,0.6200000000000003,0.7190553745928339,0.7928730512249443,0.5855263157894737,0.6736045411542101,0.8032072368421054,0.6736045411542101
5,1e-09,0.6300000000000003,0.7170195439739414,0.7983963344788088,0.5731907894736842,0.6673049305887984,0.8032072368421054,0.6673049305887984
5,1e-09,0.6400000000000003,0.7166123778501629,0.8051643192488263,0.5641447368421053,0.6634429400386848,0.8032072368421054,0.6634429400386848
5,1e-09,0.6500000000000004,0.7096905537459284,0.8055893074119077,0.5452302631578947,0.6503187837175085,0.8032072368421054,0.6503187837175085
5,1e-09,0.6600000000000004,0.7043973941368078,0.8070175438596491,0.5296052631578947,0.6395233366434956,0.8032072368421054,0.6395233366434956
5,1e-09,0.6700000000000004,0.7015472312703583,0.8108108108108109,0.5180921052631579,0.6322127446061214,0.8032072368421054,0.6322127446061214
5,1e-09,0.6800000000000004,0.6995114006514658,0.8153034300791556,0.5082236842105263,0.6261398176291793,0.8032072368421054,0.6261398176291793
5,1e-09,0.6900000000000004,0.6938110749185668,0.8178082191780822,0.4909539473684211,0.6135662898252827,0.8032072368421054,0.6135662898252827
5,1e-09,0.7000000000000004,0.6901465798045603,0.8181818181818182,0.4810855263157895,0.6059036768513724,0.8032072368421054,0.6059036768513724
5,1e-08,0.3,0.6982899022801303,0.6429861529199278,0.8782894736842105,0.7424400417101147,0.8032072368421054,0.7424400417101147
5,1e-08,0.31,0.7007328990228013,0.6470948012232416,0.8700657894736842,0.7421957207997194,0.8032072368421054,0.7421957207997194
5,1e-08,0.32,0.7052117263843648,0.653558052434457,0.8610197368421053,0.7430801987224982,0.8032072368421054,0.7430801987224982
5,1e-08,0.33,0.7109120521172638,0.660941475826972,0.8544407894736842,0.7453371592539455,0.8032072368421054,0.7453371592539455
5,1e-08,0.34,0.7141693811074918,0.6651670951156813,0.8511513157894737,0.7467532467532468,0.8032072368421054,0.7467532467532468
5,1e-08,0.35000000000000003,0.7149837133550488,0.6675324675324675,0.8453947368421053,0.7460087082728594,0.8032072368421054,0.7460087082728594
5,1e-08,0.36000000000000004,0.7219055374592834,0.6763732627399074,0.8404605263157895,0.7495416208287496,0.8032072368421054,0.7495416208287496
5,1e-08,0.37000000000000005,0.7231270358306189,0.6801075268817204,0.8322368421052632,0.7485207100591715,0.8032072368421054,0.7485207100591715
5,1e-08,0.38000000000000006,0.7288273615635179,0.6873297002724795,0.8297697368421053,0.7518628912071535,0.8032072368421054,0.7518628912071535
5,1e-08,0.39000000000000007,0.7280130293159609,0.6897506925207756,0.819078947368421,0.7488721804511278,0.8032072368421054,0.7488721804511278
5,1e-08,0.4000000000000001,0.7300488599348535,0.6959603118355776,0.8075657894736842,0.7476208602969165,0.8032072368421054,0.7476208602969165
5,1e-08,0.4100000000000001,0.7337133550488599,0.7036231884057971,0.7985197368421053,0.7480739599383668,0.8032072368421054,0.7480739599383668
5,1e-08,0.4200000000000001,0.7341205211726385,0.7077490774907749,0.7886513157894737,0.7460132244262933,0.8032072368421054,0.7460132244262933
5,1e-08,0.4300000000000001,0.7406351791530945,0.7175056348610067,0.7853618421052632,0.7499018453082058,0.8032072368421054,0.7499018453082058
5,1e-08,0.4400000000000001,0.7406351791530945,0.7221795855717574,0.7738486842105263,0.7471218737594283,0.8032072368421054,0.7471218737594283
5,1e-08,0.4500000000000001,0.742671009771987,0.7277691107644306,0.7672697368421053,0.7469975980784629,0.8032072368421054,0.7469975980784629
5,1e-08,0.46000000000000013,0.741042345276873,0.7297939778129953,0.7574013157894737,0.7433414043583535,0.8032072368421054,0.7433414043583535
5,1e-08,0.47000000000000014,0.7438925081433225,0.7376518218623481,0.7491776315789473,0.7433700530395757,0.8032072368421054,0.7433700530395757
5,1e-08,0.48000000000000015,0.742671009771987,0.7413223140495868,0.7376644736842105,0.7394888705688376,0.8032072368421054,0.7394888705688376
5,1e-08,0.49000000000000016,0.7381921824104235,0.7425910245554614,0.7212171052631579,0.7317480183562787,0.8032072368421054,0.7317480183562787
5,1e-08,0.5000000000000002,0.7381921824104235,0.7471958584987057,0.712171052631579,0.7292631578947368,0.8032072368421054,0.7292631578947368
5,1e-08,0.5100000000000002,0.7365635179153095,0.7493426818580193,0.703125,0.7254985150615189,0.8032072368421054,0.7254985150615189
5,1e-08,0.5200000000000002,0.7373778501628665,0.7551385165326184,0.6949013157894737,0.7237687366167025,0.8032072368421054,0.7237687366167025
5,1e-08,0.5300000000000002,0.7369706840390879,0.7581521739130435,0.6883223684210527,0.721551724137931,0.8032072368421054,0.721551724137931
5,1e-08,0.5400000000000003,0.7324918566775245,0.76,0.671875,0.7132256656481886,0.8032072368421054,0.7132256656481886
5,1e-08,0.5500000000000003,0.7312703583061889,0.7627599243856332,0.6636513157894737,0.7097625329815304,0.8032072368421054,0.7097625329815304
5,1e-08,0.5600000000000003,0.7312703583061889,0.7662835249042146,0.6578947368421053,0.7079646017699115,0.8032072368421054,0.7079646017699115
5,1e-08,0.5700000000000003,0.7284201954397395,0.7709772951628825,0.6422697368421053,0.7007626738447735,0.8032072368421054,0.7007626738447735
5,1e-08,0.5800000000000003,0.7263843648208469,0.7753036437246964,0.6299342105263158,0.6950998185117967,0.8032072368421054,0.6950998185117967
5,1e-08,0.5900000000000003,0.7259771986970684,0.7807652533609101,0.6208881578947368,0.6917086578103527,0.8032072368421054,0.6917086578103527
5,1e-08,0.6000000000000003,0.7251628664495114,0.7856388595564942,0.6118421052631579,0.6879334257975035,0.8032072368421054,0.6879334257975035
5,1e-08,0.6100000000000003,0.7243485342019544,0.7913513513513514,0.6019736842105263,0.6837926202709014,0.8032072368421054,0.6837926202709014
5,1e-08,0.6200000000000003,0.7190553745928339,0.7928730512249443,0.5855263157894737,0.6736045411542101,0.8032072368421054,0.6736045411542101
5,1e-08,0.6300000000000003,0.7170195439739414,0.7983963344788088,0.5731907894736842,0.6673049305887984,0.8032072368421054,0.6673049305887984
5,1e-08,0.6400000000000003,0.7166123778501629,0.8051643192488263,0.5641447368421053,0.6634429400386848,0.8032072368421054,0.6634429400386848
5,1e-08,0.6500000000000004,0.7096905537459284,0.8055893074119077,0.5452302631578947,0.6503187837175085,0.8032072368421054,0.6503187837175085
5,1e-08,0.6600000000000004,0.7043973941368078,0.8070175438596491,0.5296052631578947,0.6395233366434956,0.8032072368421054,0.6395233366434956
5,1e-08,0.6700000000000004,0.7015472312703583,0.8108108108108109,0.5180921052631579,0.6322127446061214,0.8032072368421054,0.6322127446061214
5,1e-08,0.6800000000000004,0.6995114006514658,0.8153034300791556,0.5082236842105263,0.6261398176291793,0.8032072368421054,0.6261398176291793
5,1e-08,0.6900000000000004,0.6938110749185668,0.8178082191780822,0.4909539473684211,0.6135662898252827,0.8032072368421054,0.6135662898252827
5,1e-08,0.7000000000000004,0.6901465798045603,0.8181818181818182,0.4810855263157895,0.6059036768513724,0.8032072368421054,0.6059036768513724
5,1e-07,0.3,0.6982899022801303,0.6429861529199278,0.8782894736842105,0.7424400417101147,0.8032072368421054,0.7424400417101147
5,1e-07,0.31,0.7007328990228013,0.6470948012232416,0.8700657894736842,0.7421957207997194,0.8032072368421054,0.7421957207997194
5,1e-07,0.32,0.7052117263843648,0.653558052434457,0.8610197368421053,0.7430801987224982,0.8032072368421054,0.7430801987224982
5,1e-07,0.33,0.7109120521172638,0.660941475826972,0.8544407894736842,0.7453371592539455,0.8032072368421054,0.7453371592539455
5,1e-07,0.34,0.7141693811074918,0.6651670951156813,0.8511513157894737,0.7467532467532468,0.8032072368421054,0.7467532467532468
5,1e-07,0.35000000000000003,0.7149837133550488,0.6675324675324675,0.8453947368421053,0.7460087082728594,0.8032072368421054,0.7460087082728594
5,1e-07,0.36000000000000004,0.7219055374592834,0.6763732627399074,0.8404605263157895,0.7495416208287496,0.8032072368421054,0.7495416208287496
5,1e-07,0.37000000000000005,0.7231270358306189,0.6801075268817204,0.8322368421052632,0.7485207100591715,0.8032072368421054,0.7485207100591715
5,1e-07,0.38000000000000006,0.7288273615635179,0.6873297002724795,0.8297697368421053,0.7518628912071535,0.8032072368421054,0.7518628912071535
5,1e-07,0.39000000000000007,0.7280130293159609,0.6897506925207756,0.819078947368421,0.7488721804511278,0.8032072368421054,0.7488721804511278
5,1e-07,0.4000000000000001,0.7300488599348535,0.6959603118355776,0.8075657894736842,0.7476208602969165,0.8032072368421054,0.7476208602969165
5,1e-07,0.4100000000000001,0.7337133550488599,0.7036231884057971,0.7985197368421053,0.7480739599383668,0.8032072368421054,0.7480739599383668
5,1e-07,0.4200000000000001,0.7341205211726385,0.7077490774907749,0.7886513157894737,0.7460132244262933,0.8032072368421054,0.7460132244262933
5,1e-07,0.4300000000000001,0.7406351791530945,0.7175056348610067,0.7853618421052632,0.7499018453082058,0.8032072368421054,0.7499018453082058
5,1e-07,0.4400000000000001,0.7406351791530945,0.7221795855717574,0.7738486842105263,0.7471218737594283,0.8032072368421054,0.7471218737594283
5,1e-07,0.4500000000000001,0.742671009771987,0.7277691107644306,0.7672697368421053,0.7469975980784629,0.8032072368421054,0.7469975980784629
5,1e-07,0.46000000000000013,0.741042345276873,0.7297939778129953,0.7574013157894737,0.7433414043583535,0.8032072368421054,0.7433414043583535
5,1e-07,0.47000000000000014,0.7438925081433225,0.7376518218623481,0.7491776315789473,0.7433700530395757,0.8032072368421054,0.7433700530395757
5,1e-07,0.48000000000000015,0.742671009771987,0.7413223140495868,0.7376644736842105,0.7394888705688376,0.8032072368421054,0.7394888705688376
5,1e-07,0.49000000000000016,0.7381921824104235,0.7425910245554614,0.7212171052631579,0.7317480183562787,0.8032072368421054,0.7317480183562787
5,1e-07,0.5000000000000002,0.7381921824104235,0.7471958584987057,0.712171052631579,0.7292631578947368,0.8032072368421054,0.7292631578947368
5,1e-07,0.5100000000000002,0.7365635179153095,0.7493426818580193,0.703125,0.7254985150615189,0.8032072368421054,0.7254985150615189
5,1e-07,0.5200000000000002,0.7373778501628665,0.7551385165326184,0.6949013157894737,0.7237687366167025,0.8032072368421054,0.7237687366167025
5,1e-07,0.5300000000000002,0.7369706840390879,0.7581521739130435,0.6883223684210527,0.721551724137931,0.8032072368421054,0.721551724137931
5,1e-07,0.5400000000000003,0.7324918566775245,0.76,0.671875,0.7132256656481886,0.8032072368421054,0.7132256656481886
5,1e-07,0.5500000000000003,0.7312703583061889,0.7627599243856332,0.6636513157894737,0.7097625329815304,0.8032072368421054,0.7097625329815304
5,1e-07,0.5600000000000003,0.7312703583061889,0.7662835249042146,0.6578947368421053,0.7079646017699115,0.8032072368421054,0.7079646017699115
5,1e-07,0.5700000000000003,0.7284201954397395,0.7709772951628825,0.6422697368421053,0.7007626738447735,0.8032072368421054,0.7007626738447735
5,1e-07,0.5800000000000003,0.7263843648208469,0.7753036437246964,0.6299342105263158,0.6950998185117967,0.8032072368421054,0.6950998185117967
5,1e-07,0.5900000000000003,0.7259771986970684,0.7807652533609101,0.6208881578947368,0.6917086578103527,0.8032072368421054,0.6917086578103527
5,1e-07,0.6000000000000003,0.7251628664495114,0.7856388595564942,0.6118421052631579,0.6879334257975035,0.8032072368421054,0.6879334257975035
5,1e-07,0.6100000000000003,0.7243485342019544,0.7913513513513514,0.6019736842105263,0.6837926202709014,0.8032072368421054,0.6837926202709014
5,1e-07,0.6200000000000003,0.7190553745928339,0.7928730512249443,0.5855263157894737,0.6736045411542101,0.8032072368421054,0.6736045411542101
5,1e-07,0.6300000000000003,0.7170195439739414,0.7983963344788088,0.5731907894736842,0.6673049305887984,0.8032072368421054,0.6673049305887984
5,1e-07,0.6400000000000003,0.7166123778501629,0.8051643192488263,0.5641447368421053,0.6634429400386848,0.8032072368421054,0.6634429400386848
5,1e-07,0.6500000000000004,0.7096905537459284,0.8055893074119077,0.5452302631578947,0.6503187837175085,0.8032072368421054,0.6503187837175085
5,1e-07,0.6600000000000004,0.7043973941368078,0.8070175438596491,0.5296052631578947,0.6395233366434956,0.8032072368421054,0.6395233366434956
5,1e-07,0.6700000000000004,0.7015472312703583,0.8108108108108109,0.5180921052631579,0.6322127446061214,0.8032072368421054,0.6322127446061214
5,1e-07,0.6800000000000004,0.6995114006514658,0.8153034300791556,0.5082236842105263,0.6261398176291793,0.8032072368421054,0.6261398176291793
5,1e-07,0.6900000000000004,0.6938110749185668,0.8178082191780822,0.4909539473684211,0.6135662898252827,0.8032072368421054,0.6135662898252827
5,1e-07,0.7000000000000004,0.6901465798045603,0.8181818181818182,0.4810855263157895,0.6059036768513724,0.8032072368421054,0.6059036768513724
5,1e-06,0.3,0.6982899022801303,0.6429861529199278,0.8782894736842105,0.7424400417101147,0.8032072368421054,0.7424400417101147
5,1e-06,0.31,0.7007328990228013,0.6470948012232416,0.8700657894736842,0.7421957207997194,0.8032072368421054,0.7421957207997194
5,1e-06,0.32,0.7052117263843648,0.653558052434457,0.8610197368421053,0.7430801987224982,0.8032072368421054,0.7430801987224982
5,1e-06,0.33,0.7109120521172638,0.660941475826972,0.8544407894736842,0.7453371592539455,0.8032072368421054,0.7453371592539455
5,1e-06,0.34,0.7141693811074918,0.6651670951156813,0.8511513157894737,0.7467532467532468,0.8032072368421054,0.7467532467532468
5,1e-06,0.35000000000000003,0.7149837133550488,0.6675324675324675,0.8453947368421053,0.7460087082728594,0.8032072368421054,0.7460087082728594
5,1e-06,0.36000000000000004,0.7219055374592834,0.6763732627399074,0.8404605263157895,0.7495416208287496,0.8032072368421054,0.7495416208287496
5,1e-06,0.37000000000000005,0.7231270358306189,0.6801075268817204,0.8322368421052632,0.7485207100591715,0.8032072368421054,0.7485207100591715
5,1e-06,0.38000000000000006,0.7288273615635179,0.6873297002724795,0.8297697368421053,0.7518628912071535,0.8032072368421054,0.7518628912071535
5,1e-06,0.39000000000000007,0.7280130293159609,0.6897506925207756,0.819078947368421,0.7488721804511278,0.8032072368421054,0.7488721804511278
5,1e-06,0.4000000000000001,0.7300488599348535,0.6959603118355776,0.8075657894736842,0.7476208602969165,0.8032072368421054,0.7476208602969165
5,1e-06,0.4100000000000001,0.7337133550488599,0.7036231884057971,0.7985197368421053,0.7480739599383668,0.8032072368421054,0.7480739599383668
5,1e-06,0.4200000000000001,0.7341205211726385,0.7077490774907749,0.7886513157894737,0.7460132244262933,0.8032072368421054,0.7460132244262933
5,1e-06,0.4300000000000001,0.7406351791530945,0.7175056348610067,0.7853618421052632,0.7499018453082058,0.8032072368421054,0.7499018453082058
5,1e-06,0.4400000000000001,0.7406351791530945,0.7221795855717574,0.7738486842105263,0.7471218737594283,0.8032072368421054,0.7471218737594283
5,1e-06,0.4500000000000001,0.742671009771987,0.7277691107644306,0.7672697368421053,0.7469975980784629,0.8032072368421054,0.7469975980784629
5,1e-06,0.46000000000000013,0.741042345276873,0.7297939778129953,0.7574013157894737,0.7433414043583535,0.8032072368421054,0.7433414043583535
5,1e-06,0.47000000000000014,0.7438925081433225,0.7376518218623481,0.7491776315789473,0.7433700530395757,0.8032072368421054,0.7433700530395757
5,1e-06,0.48000000000000015,0.742671009771987,0.7413223140495868,0.7376644736842105,0.7394888705688376,0.8032072368421054,0.7394888705688376
5,1e-06,0.49000000000000016,0.7381921824104235,0.7425910245554614,0.7212171052631579,0.7317480183562787,0.8032072368421054,0.7317480183562787
5,1e-06,0.5000000000000002,0.7381921824104235,0.7471958584987057,0.712171052631579,0.7292631578947368,0.8032072368421054,0.7292631578947368
5,1e-06,0.5100000000000002,0.7365635179153095,0.7493426818580193,0.703125,0.7254985150615189,0.8032072368421054,0.7254985150615189
5,1e-06,0.5200000000000002,0.7373778501628665,0.7551385165326184,0.6949013157894737,0.7237687366167025,0.8032072368421054,0.7237687366167025
5,1e-06,0.5300000000000002,0.7369706840390879,0.7581521739130435,0.6883223684210527,0.721551724137931,0.8032072368421054,0.721551724137931
5,1e-06,0.5400000000000003,0.7324918566775245,0.76,0.671875,0.7132256656481886,0.8032072368421054,0.7132256656481886
5,1e-06,0.5500000000000003,0.7312703583061889,0.7627599243856332,0.6636513157894737,0.7097625329815304,0.8032072368421054,0.7097625329815304
5,1e-06,0.5600000000000003,0.7312703583061889,0.7662835249042146,0.6578947368421053,0.7079646017699115,0.8032072368421054,0.7079646017699115
5,1e-06,0.5700000000000003,0.7284201954397395,0.7709772951628825,0.6422697368421053,0.7007626738447735,0.8032072368421054,0.7007626738447735
5,1e-06,0.5800000000000003,0.7263843648208469,0.7753036437246964,0.6299342105263158,0.6950998185117967,0.8032072368421054,0.6950998185117967
5,1e-06,0.5900000000000003,0.7259771986970684,0.7807652533609101,0.6208881578947368,0.6917086578103527,0.8032072368421054,0.6917086578103527
5,1e-06,0.6000000000000003,0.7251628664495114,0.7856388595564942,0.6118421052631579,0.6879334257975035,0.8032072368421054,0.6879334257975035
5,1e-06,0.6100000000000003,0.7243485342019544,0.7913513513513514,0.6019736842105263,0.6837926202709014,0.8032072368421054,0.6837926202709014
5,1e-06,0.6200000000000003,0.7190553745928339,0.7928730512249443,0.5855263157894737,0.6736045411542101,0.8032072368421054,0.6736045411542101
5,1e-06,0.6300000000000003,0.7170195439739414,0.7983963344788088,0.5731907894736842,0.6673049305887984,0.8032072368421054,0.6673049305887984
5,1e-06,0.6400000000000003,0.7166123778501629,0.8051643192488263,0.5641447368421053,0.6634429400386848,0.8032072368421054,0.6634429400386848
5,1e-06,0.6500000000000004,0.7096905537459284,0.8055893074119077,0.5452302631578947,0.6503187837175085,0.8032072368421054,0.6503187837175085
5,1e-06,0.6600000000000004,0.7043973941368078,0.8070175438596491,0.5296052631578947,0.6395233366434956,0.8032072368421054,0.6395233366434956
5,1e-06,0.6700000000000004,0.7015472312703583,0.8108108108108109,0.5180921052631579,0.6322127446061214,0.8032072368421054,0.6322127446061214
5,1e-06,0.6800000000000004,0.6995114006514658,0.8153034300791556,0.5082236842105263,0.6261398176291793,0.8032072368421054,0.6261398176291793
5,1e-06,0.6900000000000004,0.6938110749185668,0.8178082191780822,0.4909539473684211,0.6135662898252827,0.8032072368421054,0.6135662898252827
5,1e-06,0.7000000000000004,0.6901465798045603,0.8181818181818182,0.4810855263157895,0.6059036768513724,0.8032072368421054,0.6059036768513724
5,1e-05,0.3,0.6982899022801303,0.6429861529199278,0.8782894736842105,0.7424400417101147,0.8032072368421054,0.7424400417101147
5,1e-05,0.31,0.7007328990228013,0.6470948012232416,0.8700657894736842,0.7421957207997194,0.8032072368421054,0.7421957207997194
5,1e-05,0.32,0.7052117263843648,0.653558052434457,0.8610197368421053,0.7430801987224982,0.8032072368421054,0.7430801987224982
5,1e-05,0.33,0.7109120521172638,0.660941475826972,0.8544407894736842,0.7453371592539455,0.8032072368421054,0.7453371592539455
5,1e-05,0.34,0.7141693811074918,0.6651670951156813,0.8511513157894737,0.7467532467532468,0.8032072368421054,0.7467532467532468
5,1e-05,0.35000000000000003,0.7149837133550488,0.6675324675324675,0.8453947368421053,0.7460087082728594,0.8032072368421054,0.7460087082728594
5,1e-05,0.36000000000000004,0.7219055374592834,0.6763732627399074,0.8404605263157895,0.7495416208287496,0.8032072368421054,0.7495416208287496
5,1e-05,0.37000000000000005,0.7231270358306189,0.6801075268817204,0.8322368421052632,0.7485207100591715,0.8032072368421054,0.7485207100591715
5,1e-05,0.38000000000000006,0.7288273615635179,0.6873297002724795,0.8297697368421053,0.7518628912071535,0.8032072368421054,0.7518628912071535
5,1e-05,0.39000000000000007,0.7280130293159609,0.6897506925207756,0.819078947368421,0.7488721804511278,0.8032072368421054,0.7488721804511278
5,1e-05,0.4000000000000001,0.7300488599348535,0.6959603118355776,0.8075657894736842,0.7476208602969165,0.8032072368421054,0.7476208602969165
5,1e-05,0.4100000000000001,0.7337133550488599,0.7036231884057971,0.7985197368421053,0.7480739599383668,0.8032072368421054,0.7480739599383668
5,1e-05,0.4200000000000001,0.7341205211726385,0.7077490774907749,0.7886513157894737,0.7460132244262933,0.8032072368421054,0.7460132244262933
5,1e-05,0.4300000000000001,0.7406351791530945,0.7175056348610067,0.7853618421052632,0.7499018453082058,0.8032072368421054,0.7499018453082058
5,1e-05,0.4400000000000001,0.7406351791530945,0.7221795855717574,0.7738486842105263,0.7471218737594283,0.8032072368421054,0.7471218737594283
5,1e-05,0.4500000000000001,0.742671009771987,0.7277691107644306,0.7672697368421053,0.7469975980784629,0.8032072368421054,0.7469975980784629
5,1e-05,0.46000000000000013,0.741042345276873,0.7297939778129953,0.7574013157894737,0.7433414043583535,0.8032072368421054,0.7433414043583535
5,1e-05,0.47000000000000014,0.7438925081433225,0.7376518218623481,0.7491776315789473,0.7433700530395757,0.8032072368421054,0.7433700530395757
5,1e-05,0.48000000000000015,0.742671009771987,0.7413223140495868,0.7376644736842105,0.7394888705688376,0.8032072368421054,0.7394888705688376
5,1e-05,0.49000000000000016,0.7381921824104235,0.7425910245554614,0.7212171052631579,0.7317480183562787,0.8032072368421054,0.7317480183562787
5,1e-05,0.5000000000000002,0.7381921824104235,0.7471958584987057,0.712171052631579,0.7292631578947368,0.8032072368421054,0.7292631578947368
5,1e-05,0.5100000000000002,0.7365635179153095,0.7493426818580193,0.703125,0.7254985150615189,0.8032072368421054,0.7254985150615189
5,1e-05,0.5200000000000002,0.7373778501628665,0.7551385165326184,0.6949013157894737,0.7237687366167025,0.8032072368421054,0.7237687366167025
5,1e-05,0.5300000000000002,0.7369706840390879,0.7581521739130435,0.6883223684210527,0.721551724137931,0.8032072368421054,0.721551724137931
5,1e-05,0.5400000000000003,0.7324918566775245,0.76,0.671875,0.7132256656481886,0.8032072368421054,0.7132256656481886
5,1e-05,0.5500000000000003,0.7312703583061889,0.7627599243856332,0.6636513157894737,0.7097625329815304,0.8032072368421054,0.7097625329815304
5,1e-05,0.5600000000000003,0.7312703583061889,0.7662835249042146,0.6578947368421053,0.7079646017699115,0.8032072368421054,0.7079646017699115
5,1e-05,0.5700000000000003,0.7284201954397395,0.7709772951628825,0.6422697368421053,0.7007626738447735,0.8032072368421054,0.7007626738447735
5,1e-05,0.5800000000000003,0.7263843648208469,0.7753036437246964,0.6299342105263158,0.6950998185117967,0.8032072368421054,0.6950998185117967
5,1e-05,0.5900000000000003,0.7259771986970684,0.7807652533609101,0.6208881578947368,0.6917086578103527,0.8032072368421054,0.6917086578103527
5,1e-05,0.6000000000000003,0.7251628664495114,0.7856388595564942,0.6118421052631579,0.6879334257975035,0.8032072368421054,0.6879334257975035
5,1e-05,0.6100000000000003,0.7243485342019544,0.7913513513513514,0.6019736842105263,0.6837926202709014,0.8032072368421054,0.6837926202709014
5,1e-05,0.6200000000000003,0.7190553745928339,0.7928730512249443,0.5855263157894737,0.6736045411542101,0.8032072368421054,0.6736045411542101
5,1e-05,0.6300000000000003,0.7170195439739414,0.7983963344788088,0.5731907894736842,0.6673049305887984,0.8032072368421054,0.6673049305887984
5,1e-05,0.6400000000000003,0.7166123778501629,0.8051643192488263,0.5641447368421053,0.6634429400386848,0.8032072368421054,0.6634429400386848
5,1e-05,0.6500000000000004,0.7096905537459284,0.8055893074119077,0.5452302631578947,0.6503187837175085,0.8032072368421054,0.6503187837175085
5,1e-05,0.6600000000000004,0.7043973941368078,0.8070175438596491,0.5296052631578947,0.6395233366434956,0.8032072368421054,0.6395233366434956
5,1e-05,0.6700000000000004,0.7015472312703583,0.8108108108108109,0.5180921052631579,0.6322127446061214,0.8032072368421054,0.6322127446061214
5,1e-05,0.6800000000000004,0.6995114006514658,0.8153034300791556,0.5082236842105263,0.6261398176291793,0.8032072368421054,0.6261398176291793
5,1e-05,0.6900000000000004,0.6938110749185668,0.8178082191780822,0.4909539473684211,0.6135662898252827,0.8032072368421054,0.6135662898252827
5,1e-05,0.7000000000000004,0.6901465798045603,0.8181818181818182,0.4810855263157895,0.6059036768513724,0.8032072368421054,0.6059036768513724
6,1e-12,0.3,0.7206840390879479,0.6629766297662977,0.8865131578947368,0.7586206896551724,0.8309747718590832,0.7586206896551724
6,1e-12,0.31,0.7267915309446255,0.6699937616968185,0.8832236842105263,0.7619723306136927,0.8309747718590832,0.7619723306136927
6,1e-12,0.32,0.7296416938110749,0.6755725190839694,0.8733552631578947,0.7618364418938307,0.8309747718590832,0.7618364418938307
6,1e-12,0.33,0.7337133550488599,0.6824675324675324,0.8643092105263158,0.762699564586357,0.8309747718590832,0.762699564586357
6,1e-12,0.34,0.7324918566775245,0.6832786885245902,0.8569078947368421,0.7603064574972638,0.8309747718590832,0.7603064574972638
6,1e-12,0.35000000000000003,0.737785016286645,0.6896551724137931,0.8552631578947368,0.7635829662261382,0.8309747718590832,0.7635829662261382
6,1e-12,0.36000000000000004,0.7422638436482085,0.6965610249494268,0.8495065789473685,0.7654686921081881,0.8309747718590832,0.7654686921081881
6,1e-12,0.37000000000000005,0.7422638436482085,0.6989761092150171,0.8421052631578947,0.763894069377098,0.8309747718590832,0.763894069377098
6,1e-12,0.38000000000000006,0.745928338762215,0.7052704576976422,0.8363486842105263,0.765237020316027,0.8309747718590832,0.765237020316027
6,1e-12,0.39000000000000007,0.744299674267101,0.7067510548523207,0.8264802631578947,0.7619408642911297,0.8309747718590832,0.7619408642911297
6,1e-12,0.4000000000000001,0.7504071661237784,0.7167505391804457,0.8199013157894737,0.7648638281549675,0.8309747718590832,0.7648638281549675
6,1e-12,0.4100000000000001,0.750814332247557,0.7210834553440703,0.8100328947368421,0.7629744384198296,0.8309747718590832,0.7629744384198296
6,1e-12,0.4200000000000001,0.752442996742671,0.7278860569715142,0.7985197368421053,0.7615686274509803,0.8309747718590832,0.7615686274509803
6,1e-12,0.4300000000000001,0.756514657980456,0.7358778625954199,0.7927631578947368,0.7632620744259699,0.8309747718590832,0.7632620744259699
6,1e-12,0.4400000000000001,0.757328990228013,0.7418096723868954,0.7820723684210527,0.7614091273018415,0.8309747718590832,0.7614091273018415
6,1e-12,0.4500000000000001,0.7601791530944625,0.7490071485305798,0.7754934210526315,0.7620202020202019,0.8309747718590832,0.7620202020202019
6,1e-12,0.46000000000000013,0.758957654723127,0.7524271844660194,0.7648026315789473,0.7585644371941274,0.8309747718590832,0.7585644371941274
6,1e-12,0.47000000000000014,0.760586319218241,0.7582236842105263,0.7582236842105263,0.7582236842105262,0.8309747718590832,0.7582236842105262
6,1e-12,0.48000000000000015,0.7634364820846905,0.7656903765690377,0.7524671052631579,0.7590211530485277,0.8309747718590832,0.7590211530485277
6,1e-12,0.49000000000000016,0.760586319218241,0.7674616695059625,0.740953947368421,0.7539748953974896,0.8309747718590832,0.7539748953974896
6,1e-12,0.5000000000000002,0.7609934853420195,0.7722943722943723,0.7335526315789473,0.752425137072965,0.8309747718590832,0.752425137072965
6,1e-12,0.5100000000000002,0.7593648208469055,0.775330396475771,0.7236842105263158,0.7486176095278606,0.8309747718590832,0.7486176095278606
6,1e-12,0.5200000000000002,0.759771986970684,0.7809694793536804,0.7154605263157895,0.7467811158798283,0.8309747718590832,0.7467811158798283
6,1e-12,0.5300000000000002,0.761400651465798,0.7863636363636364,0.7113486842105263,0.7469775474956822,0.8309747718590832,0.7469775474956822
6,1e-12,0.5400000000000003,0.755700325732899,0.7883895131086143,0.6924342105263158,0.7373029772329246,0.8309747718590832,0.7373029772329246
6,1e-12,0.5500000000000003,0.754885993485342,0.790719696969697,0.6866776315789473,0.7350352112676055,0.8309747718590832,0.7350352112676055
6,1e-12,0.5600000000000003,0.7561074918566775,0.7974927675988428,0.6800986842105263,0.7341322680869952,0.8309747718590832,0.7341322680869952
6,1e-12,0.5700000000000003,0.7528501628664495,0.8023833167825224,0.6644736842105263,0.7269455690508322,0.8309747718590832,0.7269455690508322
6,1e-12,0.5800000000000003,0.7479641693811075,0.8030456852791878,0.6504934210526315,0.7187641980917764,0.8309747718590832,0.7187641980917764
6,1e-12,0.5900000000000003,0.746742671009772,0.8074534161490683,0.6414473684210527,0.7149404216315307,0.8309747718590832,0.7149404216315307
6,1e-12,0.6000000000000003,0.745114006514658,0.8105263157894737,0.6332236842105263,0.7109879963065557,0.8309747718590832,0.7109879963065557
6,1e-12,0.6100000000000003,0.7438925081433225,0.813903743315508,0.6258223684210527,0.707577870757787,0.8309747718590832,0.707577870757787
6,1e-12,0.6200000000000003,0.742671009771987,0.8194748358862144,0.615953947368421,0.7032863849765258,0.8309747718590832,0.7032863849765258
6,1e-12,0.6300000000000003,0.7406351791530945,0.823463687150838,0.6060855263157895,0.6982472761724301,0.8309747718590832,0.6982472761724301
6,1e-12,0.6400000000000003,0.739413680781759,0.8280182232346242,0.5978618421052632,0.6943648519579751,0.8309747718590832,0.6943648519579751
6,1e-12,0.6500000000000004,0.7345276872964169,0.834916864608076,0.578125,0.6831875607385812,0.8309747718590832,0.6831875607385812
6,1e-12,0.6600000000000004,0.7296416938110749,0.8374083129584352,0.5633223684210527,0.6735496558505408,0.8309747718590832,0.6735496558505408
6,1e-12,0.6700000000000004,0.7271986970684039,0.8438287153652393,0.5509868421052632,0.6666666666666666,0.8309747718590832,0.6666666666666666
6,1e-12,0.6800000000000004,0.7235342019543974,0.8446726572528883,0.5411184210526315,0.6596491228070175,0.8309747718590832,0.6596491228070175
6,1e-12,0.6900000000000004,0.7186482084690554,0.8449408672798949,0.5287828947368421,0.6504805260495701,0.8309747718590832,0.6504805260495701
6,1e-12,0.7000000000000004,0.7133550488599348,0.8450134770889488,0.515625,0.6404494382022472,0.8309747718590832,0.6404494382022472
6,1e-10,0.3,0.7206840390879479,0.6629766297662977,0.8865131578947368,0.7586206896551724,0.8309747718590832,0.7586206896551724
6,1e-10,0.31,0.7267915309446255,0.6699937616968185,0.8832236842105263,0.7619723306136927,0.8309747718590832,0.7619723306136927
6,1e-10,0.32,0.7296416938110749,0.6755725190839694,0.8733552631578947,0.7618364418938307,0.8309747718590832,0.7618364418938307
6,1e-10,0.33,0.7337133550488599,0.6824675324675324,0.8643092105263158,0.762699564586357,0.8309747718590832,0.762699564586357
6,1e-10,0.34,0.7324918566775245,0.6832786885245902,0.8569078947368421,0.7603064574972638,0.8309747718590832,0.7603064574972638
6,1e-10,0.35000000000000003,0.737785016286645,0.6896551724137931,0.8552631578947368,0.7635829662261382,0.8309747718590832,0.7635829662261382
6,1e-10,0.36000000000000004,0.7422638436482085,0.6965610249494268,0.8495065789473685,0.7654686921081881,0.8309747718590832,0.7654686921081881
6,1e-10,0.37000000000000005,0.7422638436482085,0.6989761092150171,0.8421052631578947,0.763894069377098,0.8309747718590832,0.763894069377098
6,1e-10,0.38000000000000006,0.745928338762215,0.7052704576976422,0.8363486842105263,0.765237020316027,0.8309747718590832,0.765237020316027
6,1e-10,0.39000000000000007,0.744299674267101,0.7067510548523207,0.8264802631578947,0.7619408642911297,0.8309747718590832,0.7619408642911297
6,1e-10,0.4000000000000001,0.7504071661237784,0.7167505391804457,0.8199013157894737,0.7648638281549675,0.8309747718590832,0.7648638281549675
6,1e-10,0.4100000000000001,0.750814332247557,0.7210834553440703,0.8100328947368421,0.7629744384198296,0.8309747718590832,0.7629744384198296
6,1e-10,0.4200000000000001,0.752442996742671,0.7278860569715142,0.7985197368421053,0.7615686274509803,0.8309747718590832,0.7615686274509803
6,1e-10,0.4300000000000001,0.756514657980456,0.7358778625954199,0.7927631578947368,0.7632620744259699,0.8309747718590832,0.7632620744259699
6,1e-10,0.4400000000000001,0.757328990228013,0.7418096723868954,0.7820723684210527,0.7614091273018415,0.8309747718590832,0.7614091273018415
6,1e-10,0.4500000000000001,0.7601791530944625,0.7490071485305798,0.7754934210526315,0.7620202020202019,0.8309747718590832,0.7620202020202019
6,1e-10,0.46000000000000013,0.758957654723127,0.7524271844660194,0.7648026315789473,0.7585644371941274,0.8309747718590832,0.7585644371941274
6,1e-10,0.47000000000000014,0.760586319218241,0.7582236842105263,0.7582236842105263,0.7582236842105262,0.8309747718590832,0.7582236842105262
6,1e-10,0.48000000000000015,0.7634364820846905,0.7656903765690377,0.7524671052631579,0.7590211530485277,0.8309747718590832,0.7590211530485277
6,1e-10,0.49000000000000016,0.760586319218241,0.7674616695059625,0.740953947368421,0.7539748953974896,0.8309747718590832,0.7539748953974896
6,1e-10,0.5000000000000002,0.7609934853420195,0.7722943722943723,0.7335526315789473,0.752425137072965,0.8309747718590832,0.752425137072965
6,1e-10,0.5100000000000002,0.7593648208469055,0.775330396475771,0.7236842105263158,0.7486176095278606,0.8309747718590832,0.7486176095278606
6,1e-10,0.5200000000000002,0.759771986970684,0.7809694793536804,0.7154605263157895,0.7467811158798283,0.8309747718590832,0.7467811158798283
6,1e-10,0.5300000000000002,0.761400651465798,0.7863636363636364,0.7113486842105263,0.7469775474956822,0.8309747718590832,0.7469775474956822
6,1e-10,0.5400000000000003,0.755700325732899,0.7883895131086143,0.6924342105263158,0.7373029772329246,0.8309747718590832,0.7373029772329246
6,1e-10,0.5500000000000003,0.754885993485342,0.790719696969697,0.6866776315789473,0.7350352112676055,0.8309747718590832,0.7350352112676055
6,1e-10,0.5600000000000003,0.7561074918566775,0.7974927675988428,0.6800986842105263,0.7341322680869952,0.8309747718590832,0.7341322680869952
6,1e-10,0.5700000000000003,0.7528501628664495,0.8023833167825224,0.6644736842105263,0.7269455690508322,0.8309747718590832,0.7269455690508322
6,1e-10,0.5800000000000003,0.7479641693811075,0.8030456852791878,0.6504934210526315,0.7187641980917764,0.8309747718590832,0.7187641980917764
6,1e-10,0.5900000000000003,0.746742671009772,0.8074534161490683,0.6414473684210527,0.7149404216315307,0.8309747718590832,0.7149404216315307
6,1e-10,0.6000000000000003,0.745114006514658,0.8105263157894737,0.6332236842105263,0.7109879963065557,0.8309747718590832,0.7109879963065557
6,1e-10,0.6100000000000003,0.7438925081433225,0.813903743315508,0.6258223684210527,0.707577870757787,0.8309747718590832,0.707577870757787
6,1e-10,0.6200000000000003,0.742671009771987,0.8194748358862144,0.615953947368421,0.7032863849765258,0.8309747718590832,0.7032863849765258
6,1e-10,0.6300000000000003,0.7406351791530945,0.823463687150838,0.6060855263157895,0.6982472761724301,0.8309747718590832,0.6982472761724301
6,1e-10,0.6400000000000003,0.739413680781759,0.8280182232346242,0.5978618421052632,0.6943648519579751,0.8309747718590832,0.6943648519579751
6,1e-10,0.6500000000000004,0.7345276872964169,0.834916864608076,0.578125,0.6831875607385812,0.8309747718590832,0.6831875607385812
6,1e-10,0.6600000000000004,0.7296416938110749,0.8374083129584352,0.5633223684210527,0.6735496558505408,0.8309747718590832,0.6735496558505408
6,1e-10,0.6700000000000004,0.7271986970684039,0.8438287153652393,0.5509868421052632,0.6666666666666666,0.8309747718590832,0.6666666666666666
6,1e-10,0.6800000000000004,0.7235342019543974,0.8446726572528883,0.5411184210526315,0.6596491228070175,0.8309747718590832,0.6596491228070175
6,1e-10,0.6900000000000004,0.7186482084690554,0.8449408672798949,0.5287828947368421,0.6504805260495701,0.8309747718590832,0.6504805260495701
6,1e-10,0.7000000000000004,0.7133550488599348,0.8450134770889488,0.515625,0.6404494382022472,0.8309747718590832,0.6404494382022472
6,1e-09,0.3,0.7206840390879479,0.6629766297662977,0.8865131578947368,0.7586206896551724,0.8309747718590832,0.7586206896551724
6,1e-09,0.31,0.7267915309446255,0.6699937616968185,0.8832236842105263,0.7619723306136927,0.8309747718590832,0.7619723306136927
6,1e-09,0.32,0.7296416938110749,0.6755725190839694,0.8733552631578947,0.7618364418938307,0.8309747718590832,0.7618364418938307
6,1e-09,0.33,0.7337133550488599,0.6824675324675324,0.8643092105263158,0.762699564586357,0.8309747718590832,0.762699564586357
6,1e-09,0.34,0.7324918566775245,0.6832786885245902,0.8569078947368421,0.7603064574972638,0.8309747718590832,0.7603064574972638
6,1e-09,0.35000000000000003,0.737785016286645,0.6896551724137931,0.8552631578947368,0.7635829662261382,0.8309747718590832,0.7635829662261382
6,1e-09,0.36000000000000004,0.7422638436482085,0.6965610249494268,0.8495065789473685,0.7654686921081881,0.8309747718590832,0.7654686921081881
6,1e-09,0.37000000000000005,0.7422638436482085,0.6989761092150171,0.8421052631578947,0.763894069377098,0.8309747718590832,0.763894069377098
6,1e-09,0.38000000000000006,0.745928338762215,0.7052704576976422,0.8363486842105263,0.765237020316027,0.8309747718590832,0.765237020316027
6,1e-09,0.39000000000000007,0.744299674267101,0.7067510548523207,0.8264802631578947,0.7619408642911297,0.8309747718590832,0.7619408642911297
6,1e-09,0.4000000000000001,0.7504071661237784,0.7167505391804457,0.8199013157894737,0.7648638281549675,0.8309747718590832,0.7648638281549675
6,1e-09,0.4100000000000001,0.750814332247557,0.7210834553440703,0.8100328947368421,0.7629744384198296,0.8309747718590832,0.7629744384198296
6,1e-09,0.4200000000000001,0.752442996742671,0.7278860569715142,0.7985197368421053,0.7615686274509803,0.8309747718590832,0.7615686274509803
6,1e-09,0.4300000000000001,0.756514657980456,0.7358778625954199,0.7927631578947368,0.7632620744259699,0.8309747718590832,0.7632620744259699
6,1e-09,0.4400000000000001,0.757328990228013,0.7418096723868954,0.7820723684210527,0.7614091273018415,0.8309747718590832,0.7614091273018415
6,1e-09,0.4500000000000001,0.7601791530944625,0.7490071485305798,0.7754934210526315,0.7620202020202019,0.8309747718590832,0.7620202020202019
6,1e-09,0.46000000000000013,0.758957654723127,0.7524271844660194,0.7648026315789473,0.7585644371941274,0.8309747718590832,0.7585644371941274
6,1e-09,0.47000000000000014,0.760586319218241,0.7582236842105263,0.7582236842105263,0.7582236842105262,0.8309747718590832,0.7582236842105262
6,1e-09,0.48000000000000015,0.7634364820846905,0.7656903765690377,0.7524671052631579,0.7590211530485277,0.8309747718590832,0.7590211530485277
6,1e-09,0.49000000000000016,0.760586319218241,0.7674616695059625,0.740953947368421,0.7539748953974896,0.8309747718590832,0.7539748953974896
6,1e-09,0.5000000000000002,0.7609934853420195,0.7722943722943723,0.7335526315789473,0.752425137072965,0.8309747718590832,0.752425137072965
6,1e-09,0.5100000000000002,0.7593648208469055,0.775330396475771,0.7236842105263158,0.7486176095278606,0.8309747718590832,0.7486176095278606
6,1e-09,0.5200000000000002,0.759771986970684,0.7809694793536804,0.7154605263157895,0.7467811158798283,0.8309747718590832,0.7467811158798283
6,1e-09,0.5300000000000002,0.761400651465798,0.7863636363636364,0.7113486842105263,0.7469775474956822,0.8309747718590832,0.7469775474956822
6,1e-09,0.5400000000000003,0.755700325732899,0.7883895131086143,0.6924342105263158,0.7373029772329246,0.8309747718590832,0.7373029772329246
6,1e-09,0.5500000000000003,0.754885993485342,0.790719696969697,0.6866776315789473,0.7350352112676055,0.8309747718590832,0.7350352112676055
6,1e-09,0.5600000000000003,0.7561074918566775,0.7974927675988428,0.6800986842105263,0.7341322680869952,0.8309747718590832,0.7341322680869952
6,1e-09,0.5700000000000003,0.7528501628664495,0.8023833167825224,0.6644736842105263,0.7269455690508322,0.8309747718590832,0.7269455690508322
6,1e-09,0.5800000000000003,0.7479641693811075,0.8030456852791878,0.6504934210526315,0.7187641980917764,0.8309747718590832,0.7187641980917764
6,1e-09,0.5900000000000003,0.746742671009772,0.8074534161490683,0.6414473684210527,0.7149404216315307,0.8309747718590832,0.7149404216315307
6,1e-09,0.6000000000000003,0.745114006514658,0.8105263157894737,0.6332236842105263,0.7109879963065557,0.8309747718590832,0.7109879963065557
6,1e-09,0.6100000000000003,0.7438925081433225,0.813903743315508,0.6258223684210527,0.707577870757787,0.8309747718590832,0.707577870757787
6,1e-09,0.6200000000000003,0.742671009771987,0.8194748358862144,0.615953947368421,0.7032863849765258,0.8309747718590832,0.7032863849765258
6,1e-09,0.6300000000000003,0.7406351791530945,0.823463687150838,0.6060855263157895,0.6982472761724301,0.8309747718590832,0.6982472761724301
6,1e-09,0.6400000000000003,0.739413680781759,0.8280182232346242,0.5978618421052632,0.6943648519579751,0.8309747718590832,0.6943648519579751
6,1e-09,0.6500000000000004,0.7345276872964169,0.834916864608076,0.578125,0.6831875607385812,0.8309747718590832,0.6831875607385812
6,1e-09,0.6600000000000004,0.7296416938110749,0.8374083129584352,0.5633223684210527,0.6735496558505408,0.8309747718590832,0.6735496558505408
6,1e-09,0.6700000000000004,0.7271986970684039,0.8438287153652393,0.5509868421052632,0.6666666666666666,0.8309747718590832,0.6666666666666666
6,1e-09,0.6800000000000004,0.7235342019543974,0.8446726572528883,0.5411184210526315,0.6596491228070175,0.8309747718590832,0.6596491228070175
6,1e-09,0.6900000000000004,0.7186482084690554,0.8449408672798949,0.5287828947368421,0.6504805260495701,0.8309747718590832,0.6504805260495701
6,1e-09,0.7000000000000004,0.7133550488599348,0.8450134770889488,0.515625,0.6404494382022472,0.8309747718590832,0.6404494382022472
6,1e-08,0.3,0.7206840390879479,0.6629766297662977,0.8865131578947368,0.7586206896551724,0.8309747718590832,0.7586206896551724
6,1e-08,0.31,0.7267915309446255,0.6699937616968185,0.8832236842105263,0.7619723306136927,0.8309747718590832,0.7619723306136927
6,1e-08,0.32,0.7296416938110749,0.6755725190839694,0.8733552631578947,0.7618364418938307,0.8309747718590832,0.7618364418938307
6,1e-08,0.33,0.7337133550488599,0.6824675324675324,0.8643092105263158,0.762699564586357,0.8309747718590832,0.762699564586357
6,1e-08,0.34,0.7324918566775245,0.6832786885245902,0.8569078947368421,0.7603064574972638,0.8309747718590832,0.7603064574972638
6,1e-08,0.35000000000000003,0.737785016286645,0.6896551724137931,0.8552631578947368,0.7635829662261382,0.8309747718590832,0.7635829662261382
6,1e-08,0.36000000000000004,0.7422638436482085,0.6965610249494268,0.8495065789473685,0.7654686921081881,0.8309747718590832,0.7654686921081881
6,1e-08,0.37000000000000005,0.7422638436482085,0.6989761092150171,0.8421052631578947,0.763894069377098,0.8309747718590832,0.763894069377098
6,1e-08,0.38000000000000006,0.745928338762215,0.7052704576976422,0.8363486842105263,0.765237020316027,0.8309747718590832,0.765237020316027
6,1e-08,0.39000000000000007,0.744299674267101,0.7067510548523207,0.8264802631578947,0.7619408642911297,0.8309747718590832,0.7619408642911297
6,1e-08,0.4000000000000001,0.7504071661237784,0.7167505391804457,0.8199013157894737,0.7648638281549675,0.8309747718590832,0.7648638281549675
6,1e-08,0.4100000000000001,0.750814332247557,0.7210834553440703,0.8100328947368421,0.7629744384198296,0.8309747718590832,0.7629744384198296
6,1e-08,0.4200000000000001,0.752442996742671,0.7278860569715142,0.7985197368421053,0.7615686274509803,0.8309747718590832,0.7615686274509803
6,1e-08,0.4300000000000001,0.756514657980456,0.7358778625954199,0.7927631578947368,0.7632620744259699,0.8309747718590832,0.7632620744259699
6,1e-08,0.4400000000000001,0.757328990228013,0.7418096723868954,0.7820723684210527,0.7614091273018415,0.8309747718590832,0.7614091273018415
6,1e-08,0.4500000000000001,0.7601791530944625,0.7490071485305798,0.7754934210526315,0.7620202020202019,0.8309747718590832,0.7620202020202019
6,1e-08,0.46000000000000013,0.758957654723127,0.7524271844660194,0.7648026315789473,0.7585644371941274,0.8309747718590832,0.7585644371941274
6,1e-08,0.47000000000000014,0.760586319218241,0.7582236842105263,0.7582236842105263,0.7582236842105262,0.8309747718590832,0.7582236842105262
6,1e-08,0.48000000000000015,0.7634364820846905,0.7656903765690377,0.7524671052631579,0.7590211530485277,0.8309747718590832,0.7590211530485277
6,1e-08,0.49000000000000016,0.760586319218241,0.7674616695059625,0.740953947368421,0.7539748953974896,0.8309747718590832,0.7539748953974896
6,1e-08,0.5000000000000002,0.7609934853420195,0.7722943722943723,0.7335526315789473,0.752425137072965,0.8309747718590832,0.752425137072965
6,1e-08,0.5100000000000002,0.7593648208469055,0.775330396475771,0.7236842105263158,0.7486176095278606,0.8309747718590832,0.7486176095278606
6,1e-08,0.5200000000000002,0.759771986970684,0.7809694793536804,0.7154605263157895,0.7467811158798283,0.8309747718590832,0.7467811158798283
6,1e-08,0.5300000000000002,0.761400651465798,0.7863636363636364,0.7113486842105263,0.7469775474956822,0.8309747718590832,0.7469775474956822
6,1e-08,0.5400000000000003,0.755700325732899,0.7883895131086143,0.6924342105263158,0.7373029772329246,0.8309747718590832,0.7373029772329246
6,1e-08,0.5500000000000003,0.754885993485342,0.790719696969697,0.6866776315789473,0.7350352112676055,0.8309747718590832,0.7350352112676055
6,1e-08,0.5600000000000003,0.7561074918566775,0.7974927675988428,0.6800986842105263,0.7341322680869952,0.8309747718590832,0.7341322680869952
6,1e-08,0.5700000000000003,0.7528501628664495,0.8023833167825224,0.6644736842105263,0.7269455690508322,0.8309747718590832,0.7269455690508322
6,1e-08,0.5800000000000003,0.7479641693811075,0.8030456852791878,0.6504934210526315,0.7187641980917764,0.8309747718590832,0.7187641980917764
6,1e-08,0.5900000000000003,0.746742671009772,0.8074534161490683,0.6414473684210527,0.7149404216315307,0.8309747718590832,0.7149404216315307
6,1e-08,0.6000000000000003,0.745114006514658,0.8105263157894737,0.6332236842105263,0.7109879963065557,0.8309747718590832,0.7109879963065557
6,1e-08,0.6100000000000003,0.7438925081433225,0.813903743315508,0.6258223684210527,0.707577870757787,0.8309747718590832,0.707577870757787
6,1e-08,0.6200000000000003,0.742671009771987,0.8194748358862144,0.615953947368421,0.7032863849765258,0.8309747718590832,0.7032863849765258
6,1e-08,0.6300000000000003,0.7406351791530945,0.823463687150838,0.6060855263157895,0.6982472761724301,0.8309747718590832,0.6982472761724301
6,1e-08,0.6400000000000003,0.739413680781759,0.8280182232346242,0.5978618421052632,0.6943648519579751,0.8309747718590832,0.6943648519579751
6,1e-08,0.6500000000000004,0.7345276872964169,0.834916864608076,0.578125,0.6831875607385812,0.8309747718590832,0.6831875607385812
6,1e-08,0.6600000000000004,0.7296416938110749,0.8374083129584352,0.5633223684210527,0.6735496558505408,0.8309747718590832,0.6735496558505408
6,1e-08,0.6700000000000004,0.7271986970684039,0.8438287153652393,0.5509868421052632,0.6666666666666666,0.8309747718590832,0.6666666666666666
6,1e-08,0.6800000000000004,0.7235342019543974,0.8446726572528883,0.5411184210526315,0.6596491228070175,0.8309747718590832,0.6596491228070175
6,1e-08,0.6900000000000004,0.7186482084690554,0.8449408672798949,0.5287828947368421,0.6504805260495701,0.8309747718590832,0.6504805260495701
6,1e-08,0.7000000000000004,0.7133550488599348,0.8450134770889488,0.515625,0.6404494382022472,0.8309747718590832,0.6404494382022472
6,1e-07,0.3,0.7206840390879479,0.6629766297662977,0.8865131578947368,0.7586206896551724,0.8309747718590832,0.7586206896551724
6,1e-07,0.31,0.7267915309446255,0.6699937616968185,0.8832236842105263,0.7619723306136927,0.8309747718590832,0.7619723306136927
6,1e-07,0.32,0.7296416938110749,0.6755725190839694,0.8733552631578947,0.7618364418938307,0.8309747718590832,0.7618364418938307
6,1e-07,0.33,0.7337133550488599,0.6824675324675324,0.8643092105263158,0.762699564586357,0.8309747718590832,0.762699564586357
6,1e-07,0.34,0.7324918566775245,0.6832786885245902,0.8569078947368421,0.7603064574972638,0.8309747718590832,0.7603064574972638
6,1e-07,0.35000000000000003,0.737785016286645,0.6896551724137931,0.8552631578947368,0.7635829662261382,0.8309747718590832,0.7635829662261382
6,1e-07,0.36000000000000004,0.7422638436482085,0.6965610249494268,0.8495065789473685,0.7654686921081881,0.8309747718590832,0.7654686921081881
6,1e-07,0.37000000000000005,0.7422638436482085,0.6989761092150171,0.8421052631578947,0.763894069377098,0.8309747718590832,0.763894069377098
6,1e-07,0.38000000000000006,0.745928338762215,0.7052704576976422,0.8363486842105263,0.765237020316027,0.8309747718590832,0.765237020316027
6,1e-07,0.39000000000000007,0.744299674267101,0.7067510548523207,0.8264802631578947,0.7619408642911297,0.8309747718590832,0.7619408642911297
6,1e-07,0.4000000000000001,0.7504071661237784,0.7167505391804457,0.8199013157894737,0.7648638281549675,0.8309747718590832,0.7648638281549675
6,1e-07,0.4100000000000001,0.750814332247557,0.7210834553440703,0.8100328947368421,0.7629744384198296,0.8309747718590832,0.7629744384198296
6,1e-07,0.4200000000000001,0.752442996742671,0.7278860569715142,0.7985197368421053,0.7615686274509803,0.8309747718590832,0.7615686274509803
6,1e-07,0.4300000000000001,0.756514657980456,0.7358778625954199,0.7927631578947368,0.7632620744259699,0.8309747718590832,0.7632620744259699
6,1e-07,0.4400000000000001,0.757328990228013,0.7418096723868954,0.7820723684210527,0.7614091273018415,0.8309747718590832,0.7614091273018415
6,1e-07,0.4500000000000001,0.7601791530944625,0.7490071485305798,0.7754934210526315,0.7620202020202019,0.8309747718590832,0.7620202020202019
6,1e-07,0.46000000000000013,0.758957654723127,0.7524271844660194,0.7648026315789473,0.7585644371941274,0.8309747718590832,0.7585644371941274
6,1e-07,0.47000000000000014,0.760586319218241,0.7582236842105263,0.7582236842105263,0.7582236842105262,0.8309747718590832,0.7582236842105262
6,1e-07,0.48000000000000015,0.7634364820846905,0.7656903765690377,0.7524671052631579,0.7590211530485277,0.8309747718590832,0.7590211530485277
6,1e-07,0.49000000000000016,0.760586319218241,0.7674616695059625,0.740953947368421,0.7539748953974896,0.8309747718590832,0.7539748953974896
6,1e-07,0.5000000000000002,0.7609934853420195,0.7722943722943723,0.7335526315789473,0.752425137072965,0.8309747718590832,0.752425137072965
6,1e-07,0.5100000000000002,0.7593648208469055,0.775330396475771,0.7236842105263158,0.7486176095278606,0.8309747718590832,0.7486176095278606
6,1e-07,0.5200000000000002,0.759771986970684,0.7809694793536804,0.7154605263157895,0.7467811158798283,0.8309747718590832,0.7467811158798283
6,1e-07,0.5300000000000002,0.761400651465798,0.7863636363636364,0.7113486842105263,0.7469775474956822,0.8309747718590832,0.7469775474956822
6,1e-07,0.5400000000000003,0.755700325732899,0.7883895131086143,0.6924342105263158,0.7373029772329246,0.8309747718590832,0.7373029772329246
6,1e-07,0.5500000000000003,0.754885993485342,0.790719696969697,0.6866776315789473,0.7350352112676055,0.8309747718590832,0.7350352112676055
6,1e-07,0.5600000000000003,0.7561074918566775,0.7974927675988428,0.6800986842105263,0.7341322680869952,0.8309747718590832,0.7341322680869952
6,1e-07,0.5700000000000003,0.7528501628664495,0.8023833167825224,0.6644736842105263,0.7269455690508322,0.8309747718590832,0.7269455690508322
6,1e-07,0.5800000000000003,0.7479641693811075,0.8030456852791878,0.6504934210526315,0.7187641980917764,0.8309747718590832,0.7187641980917764
6,1e-07,0.5900000000000003,0.746742671009772,0.8074534161490683,0.6414473684210527,0.7149404216315307,0.8309747718590832,0.7149404216315307
6,1e-07,0.6000000000000003,0.745114006514658,0.8105263157894737,0.6332236842105263,0.7109879963065557,0.8309747718590832,0.7109879963065557
6,1e-07,0.6100000000000003,0.7438925081433225,0.813903743315508,0.6258223684210527,0.707577870757787,0.8309747718590832,0.707577870757787
6,1e-07,0.6200000000000003,0.742671009771987,0.8194748358862144,0.615953947368421,0.7032863849765258,0.8309747718590832,0.7032863849765258
6,1e-07,0.6300000000000003,0.7406351791530945,0.823463687150838,0.6060855263157895,0.6982472761724301,0.8309747718590832,0.6982472761724301
6,1e-07,0.6400000000000003,0.739413680781759,0.8280182232346242,0.5978618421052632,0.6943648519579751,0.8309747718590832,0.6943648519579751
6,1e-07,0.6500000000000004,0.7345276872964169,0.834916864608076,0.578125,0.6831875607385812,0.8309747718590832,0.6831875607385812
6,1e-07,0.6600000000000004,0.7296416938110749,0.8374083129584352,0.5633223684210527,0.6735496558505408,0.8309747718590832,0.6735496558505408
6,1e-07,0.6700000000000004,0.7271986970684039,0.8438287153652393,0.5509868421052632,0.6666666666666666,0.8309747718590832,0.6666666666666666
6,1e-07,0.6800000000000004,0.7235342019543974,0.8446726572528883,0.5411184210526315,0.6596491228070175,0.8309747718590832,0.6596491228070175
6,1e-07,0.6900000000000004,0.7186482084690554,0.8449408672798949,0.5287828947368421,0.6504805260495701,0.8309747718590832,0.6504805260495701
6,1e-07,0.7000000000000004,0.7133550488599348,0.8450134770889488,0.515625,0.6404494382022472,0.8309747718590832,0.6404494382022472
6,1e-06,0.3,0.7206840390879479,0.6629766297662977,0.8865131578947368,0.7586206896551724,0.8309747718590832,0.7586206896551724
6,1e-06,0.31,0.7267915309446255,0.6699937616968185,0.8832236842105263,0.7619723306136927,0.8309747718590832,0.7619723306136927
6,1e-06,0.32,0.7296416938110749,0.6755725190839694,0.8733552631578947,0.7618364418938307,0.8309747718590832,0.7618364418938307
6,1e-06,0.33,0.7337133550488599,0.6824675324675324,0.8643092105263158,0.762699564586357,0.8309747718590832,0.762699564586357
6,1e-06,0.34,0.7324918566775245,0.6832786885245902,0.8569078947368421,0.7603064574972638,0.8309747718590832,0.7603064574972638
6,1e-06,0.35000000000000003,0.737785016286645,0.6896551724137931,0.8552631578947368,0.7635829662261382,0.8309747718590832,0.7635829662261382
6,1e-06,0.36000000000000004,0.7422638436482085,0.6965610249494268,0.8495065789473685,0.7654686921081881,0.8309747718590832,0.7654686921081881
6,1e-06,0.37000000000000005,0.7422638436482085,0.6989761092150171,0.8421052631578947,0.763894069377098,0.8309747718590832,0.763894069377098
6,1e-06,0.38000000000000006,0.745928338762215,0.7052704576976422,0.8363486842105263,0.765237020316027,0.8309747718590832,0.765237020316027
6,1e-06,0.39000000000000007,0.744299674267101,0.7067510548523207,0.8264802631578947,0.7619408642911297,0.8309747718590832,0.7619408642911297
6,1e-06,0.4000000000000001,0.7504071661237784,0.7167505391804457,0.8199013157894737,0.7648638281549675,0.8309747718590832,0.7648638281549675
6,1e-06,0.4100000000000001,0.750814332247557,0.7210834553440703,0.8100328947368421,0.7629744384198296,0.8309747718590832,0.7629744384198296
6,1e-06,0.4200000000000001,0.752442996742671,0.7278860569715142,0.7985197368421053,0.7615686274509803,0.8309747718590832,0.7615686274509803
6,1e-06,0.4300000000000001,0.756514657980456,0.7358778625954199,0.7927631578947368,0.7632620744259699,0.8309747718590832,0.7632620744259699
6,1e-06,0.4400000000000001,0.757328990228013,0.7418096723868954,0.7820723684210527,0.7614091273018415,0.8309747718590832,0.7614091273018415
6,1e-06,0.4500000000000001,0.7601791530944625,0.7490071485305798,0.7754934210526315,0.7620202020202019,0.8309747718590832,0.7620202020202019
6,1e-06,0.46000000000000013,0.758957654723127,0.7524271844660194,0.7648026315789473,0.7585644371941274,0.8309747718590832,0.7585644371941274
6,1e-06,0.47000000000000014,0.760586319218241,0.7582236842105263,0.7582236842105263,0.7582236842105262,0.8309747718590832,0.7582236842105262
6,1e-06,0.48000000000000015,0.7634364820846905,0.7656903765690377,0.7524671052631579,0.7590211530485277,0.8309747718590832,0.7590211530485277
6,1e-06,0.49000000000000016,0.760586319218241,0.7674616695059625,0.740953947368421,0.7539748953974896,0.8309747718590832,0.7539748953974896
6,1e-06,0.5000000000000002,0.7609934853420195,0.7722943722943723,0.7335526315789473,0.752425137072965,0.8309747718590832,0.752425137072965
6,1e-06,0.5100000000000002,0.7593648208469055,0.775330396475771,0.7236842105263158,0.7486176095278606,0.8309747718590832,0.7486176095278606
6,1e-06,0.5200000000000002,0.759771986970684,0.7809694793536804,0.7154605263157895,0.7467811158798283,0.8309747718590832,0.7467811158798283
6,1e-06,0.5300000000000002,0.761400651465798,0.7863636363636364,0.7113486842105263,0.7469775474956822,0.8309747718590832,0.7469775474956822
6,1e-06,0.5400000000000003,0.755700325732899,0.7883895131086143,0.6924342105263158,0.7373029772329246,0.8309747718590832,0.7373029772329246
6,1e-06,0.5500000000000003,0.754885993485342,0.790719696969697,0.6866776315789473,0.7350352112676055,0.8309747718590832,0.7350352112676055
6,1e-06,0.5600000000000003,0.7561074918566775,0.7974927675988428,0.6800986842105263,0.7341322680869952,0.8309747718590832,0.7341322680869952
6,1e-06,0.5700000000000003,0.7528501628664495,0.8023833167825224,0.6644736842105263,0.7269455690508322,0.8309747718590832,0.7269455690508322
6,1e-06,0.5800000000000003,0.7479641693811075,0.8030456852791878,0.6504934210526315,0.7187641980917764,0.8309747718590832,0.7187641980917764
6,1e-06,0.5900000000000003,0.746742671009772,0.8074534161490683,0.6414473684210527,0.7149404216315307,0.8309747718590832,0.7149404216315307
6,1e-06,0.6000000000000003,0.745114006514658,0.8105263157894737,0.6332236842105263,0.7109879963065557,0.8309747718590832,0.7109879963065557
6,1e-06,0.6100000000000003,0.7438925081433225,0.813903743315508,0.6258223684210527,0.707577870757787,0.8309747718590832,0.707577870757787
6,1e-06,0.6200000000000003,0.742671009771987,0.8194748358862144,0.615953947368421,0.7032863849765258,0.8309747718590832,0.7032863849765258
6,1e-06,0.6300000000000003,0.7406351791530945,0.823463687150838,0.6060855263157895,0.6982472761724301,0.8309747718590832,0.6982472761724301
6,1e-06,0.6400000000000003,0.739413680781759,0.8280182232346242,0.5978618421052632,0.6943648519579751,0.8309747718590832,0.6943648519579751
6,1e-06,0.6500000000000004,0.7345276872964169,0.834916864608076,0.578125,0.6831875607385812,0.8309747718590832,0.6831875607385812
6,1e-06,0.6600000000000004,0.7296416938110749,0.8374083129584352,0.5633223684210527,0.6735496558505408,0.8309747718590832,0.6735496558505408
6,1e-06,0.6700000000000004,0.7271986970684039,0.8438287153652393,0.5509868421052632,0.6666666666666666,0.8309747718590832,0.6666666666666666
6,1e-06,0.6800000000000004,0.7235342019543974,0.8446726572528883,0.5411184210526315,0.6596491228070175,0.8309747718590832,0.6596491228070175
6,1e-06,0.6900000000000004,0.7186482084690554,0.8449408672798949,0.5287828947368421,0.6504805260495701,0.8309747718590832,0.6504805260495701
6,1e-06,0.7000000000000004,0.7133550488599348,0.8450134770889488,0.515625,0.6404494382022472,0.8309747718590832,0.6404494382022472
6,1e-05,0.3,0.7206840390879479,0.6629766297662977,0.8865131578947368,0.7586206896551724,0.8309754350594227,0.7586206896551724
6,1e-05,0.31,0.7267915309446255,0.6699937616968185,0.8832236842105263,0.7619723306136927,0.8309754350594227,0.7619723306136927
6,1e-05,0.32,0.7296416938110749,0.6755725190839694,0.8733552631578947,0.7618364418938307,0.8309754350594227,0.7618364418938307
6,1e-05,0.33,0.7337133550488599,0.6824675324675324,0.8643092105263158,0.762699564586357,0.8309754350594227,0.762699564586357
6,1e-05,0.34,0.7324918566775245,0.6832786885245902,0.8569078947368421,0.7603064574972638,0.8309754350594227,0.7603064574972638
6,1e-05,0.35000000000000003,0.737785016286645,0.6896551724137931,0.8552631578947368,0.7635829662261382,0.8309754350594227,0.7635829662261382
6,1e-05,0.36000000000000004,0.7422638436482085,0.6965610249494268,0.8495065789473685,0.7654686921081881,0.8309754350594227,0.7654686921081881
6,1e-05,0.37000000000000005,0.7422638436482085,0.6989761092150171,0.8421052631578947,0.763894069377098,0.8309754350594227,0.763894069377098
6,1e-05,0.38000000000000006,0.745928338762215,0.7052704576976422,0.8363486842105263,0.765237020316027,0.8309754350594227,0.765237020316027
6,1e-05,0.39000000000000007,0.744299674267101,0.7067510548523207,0.8264802631578947,0.7619408642911297,0.8309754350594227,0.7619408642911297
6,1e-05,0.4000000000000001,0.7504071661237784,0.7167505391804457,0.8199013157894737,0.7648638281549675,0.8309754350594227,0.7648638281549675
6,1e-05,0.4100000000000001,0.750814332247557,0.7210834553440703,0.8100328947368421,0.7629744384198296,0.8309754350594227,0.7629744384198296
6,1e-05,0.4200000000000001,0.752442996742671,0.7278860569715142,0.7985197368421053,0.7615686274509803,0.8309754350594227,0.7615686274509803
6,1e-05,0.4300000000000001,0.756514657980456,0.7358778625954199,0.7927631578947368,0.7632620744259699,0.8309754350594227,0.7632620744259699
6,1e-05,0.4400000000000001,0.757328990228013,0.7418096723868954,0.7820723684210527,0.7614091273018415,0.8309754350594227,0.7614091273018415
6,1e-05,0.4500000000000001,0.7601791530944625,0.7490071485305798,0.7754934210526315,0.7620202020202019,0.8309754350594227,0.7620202020202019
6,1e-05,0.46000000000000013,0.758957654723127,0.7524271844660194,0.7648026315789473,0.7585644371941274,0.8309754350594227,0.7585644371941274
6,1e-05,0.47000000000000014,0.760586319218241,0.7582236842105263,0.7582236842105263,0.7582236842105262,0.8309754350594227,0.7582236842105262
6,1e-05,0.48000000000000015,0.7634364820846905,0.7656903765690377,0.7524671052631579,0.7590211530485277,0.8309754350594227,0.7590211530485277
6,1e-05,0.49000000000000016,0.760586319218241,0.7674616695059625,0.740953947368421,0.7539748953974896,0.8309754350594227,0.7539748953974896
6,1e-05,0.5000000000000002,0.7609934853420195,0.7722943722943723,0.7335526315789473,0.752425137072965,0.8309754350594227,0.752425137072965
6,1e-05,0.5100000000000002,0.7593648208469055,0.775330396475771,0.7236842105263158,0.7486176095278606,0.8309754350594227,0.7486176095278606
6,1e-05,0.5200000000000002,0.759771986970684,0.7809694793536804,0.7154605263157895,0.7467811158798283,0.8309754350594227,0.7467811158798283
6,1e-05,0.5300000000000002,0.761400651465798,0.7863636363636364,0.7113486842105263,0.7469775474956822,0.8309754350594227,0.7469775474956822
6,1e-05,0.5400000000000003,0.755700325732899,0.7883895131086143,0.6924342105263158,0.7373029772329246,0.8309754350594227,0.7373029772329246
6,1e-05,0.5500000000000003,0.754885993485342,0.790719696969697,0.6866776315789473,0.7350352112676055,0.8309754350594227,0.7350352112676055
6,1e-05,0.5600000000000003,0.7561074918566775,0.7974927675988428,0.6800986842105263,0.7341322680869952,0.8309754350594227,0.7341322680869952
6,1e-05,0.5700000000000003,0.7528501628664495,0.8023833167825224,0.6644736842105263,0.7269455690508322,0.8309754350594227,0.7269455690508322
6,1e-05,0.5800000000000003,0.7479641693811075,0.8030456852791878,0.6504934210526315,0.7187641980917764,0.8309754350594227,0.7187641980917764
6,1e-05,0.5900000000000003,0.746742671009772,0.8074534161490683,0.6414473684210527,0.7149404216315307,0.8309754350594227,0.7149404216315307
6,1e-05,0.6000000000000003,0.745114006514658,0.8105263157894737,0.6332236842105263,0.7109879963065557,0.8309754350594227,0.7109879963065557
6,1e-05,0.6100000000000003,0.7438925081433225,0.813903743315508,0.6258223684210527,0.707577870757787,0.8309754350594227,0.707577870757787
6,1e-05,0.6200000000000003,0.742671009771987,0.8194748358862144,0.615953947368421,0.7032863849765258,0.8309754350594227,0.7032863849765258
6,1e-05,0.6300000000000003,0.7406351791530945,0.823463687150838,0.6060855263157895,0.6982472761724301,0.8309754350594227,0.6982472761724301
6,1e-05,0.6400000000000003,0.739413680781759,0.8280182232346242,0.5978618421052632,0.6943648519579751,0.8309754350594227,0.6943648519579751
6,1e-05,0.6500000000000004,0.7345276872964169,0.834916864608076,0.578125,0.6831875607385812,0.8309754350594227,0.6831875607385812
6,1e-05,0.6600000000000004,0.7296416938110749,0.8374083129584352,0.5633223684210527,0.6735496558505408,0.8309754350594227,0.6735496558505408
6,1e-05,0.6700000000000004,0.7271986970684039,0.8438287153652393,0.5509868421052632,0.6666666666666666,0.8309754350594227,0.6666666666666666
6,1e-05,0.6800000000000004,0.7235342019543974,0.8446726572528883,0.5411184210526315,0.6596491228070175,0.8309754350594227,0.6596491228070175
6,1e-05,0.6900000000000004,0.7186482084690554,0.8449408672798949,0.5287828947368421,0.6504805260495701,0.8309754350594227,0.6504805260495701
6,1e-05,0.7000000000000004,0.7133550488599348,0.8450134770889488,0.515625,0.6404494382022472,0.8309754350594227,0.6404494382022472
7,1e-12,0.3,0.7133550488599348,0.657829839704069,0.8774671052631579,0.7519379844961239,0.8247579318760612,0.7519379844961239
7,1e-12,0.31,0.7162052117263844,0.6629001883239172,0.868421052631579,0.7518689925240299,0.8247579318760612,0.7518689925240299
7,1e-12,0.32,0.7190553745928339,0.6681585677749361,0.859375,0.7517985611510792,0.8247579318760612,0.7517985611510792
7,1e-12,0.33,0.7231270358306189,0.6747066492829205,0.8511513157894737,0.7527272727272727,0.8247579318760612,0.7527272727272727
7,1e-12,0.34,0.7243485342019544,0.6781229345670853,0.84375,0.7519237816049836,0.8247579318760612,0.7519237816049836
7,1e-12,0.35000000000000003,0.7316775244299675,0.6888135593220339,0.8355263157894737,0.7551096246748421,0.8247579318760612,0.7551096246748421
7,1e-12,0.36000000000000004,0.7316775244299675,0.6922015182884748,0.8248355263157895,0.7527204502814259,0.8247579318760612,0.7527204502814259
7,1e-12,0.37000000000000005,0.7365635179153095,0.6988120195667366,0.8223684210526315,0.7555723460521345,0.8247579318760612,0.7555723460521345
7,1e-12,0.38000000000000006,0.7414495114006515,0.7061745919091554,0.8182565789473685,0.7580952380952382,0.8247579318760612,0.7580952380952382
7,1e-12,0.39000000000000007,0.7447068403908795,0.7126353790613719,0.8116776315789473,0.7589388696655133,0.8247579318760612,0.7589388696655133
7,1e-12,0.4000000000000001,0.744299674267101,0.7139737991266376,0.8067434210526315,0.7575289575289575,0.8247579318760612,0.7575289575289575
7,1e-12,0.4100000000000001,0.748371335504886,0.7221396731054978,0.7993421052631579,0.7587822014051522,0.8247579318760612,0.7587822014051522
7,1e-12,0.4200000000000001,0.746742671009772,0.7239819004524887,0.7894736842105263,0.7553107789142408,0.8247579318760612,0.7553107789142408
7,1e-12,0.4300000000000001,0.7504071661237784,0.7324595219737856,0.78125,0.7560684440907282,0.8247579318760612,0.7560684440907282
7,1e-12,0.4400000000000001,0.750814332247557,0.7370486656200942,0.772203947368421,0.7542168674698795,0.8247579318760612,0.7542168674698795
7,1e-12,0.4500000000000001,0.751628664495114,0.7416267942583732,0.7648026315789473,0.7530364372469636,0.8247579318760612,0.7530364372469636
7,1e-12,0.46000000000000013,0.7552931596091205,0.7481840193704601,0.7623355263157895,0.7551934826883911,0.8247579318760612,0.7551934826883911
7,1e-12,0.47000000000000014,0.7552931596091205,0.7530864197530864,0.7524671052631579,0.7527766351295764,0.8247579318760612,0.7527766351295764
7,1e-12,0.48000000000000015,0.755700325732899,0.7579564489112228,0.7442434210526315,0.7510373443983404,0.8247579318760612,0.7510373443983404
7,1e-12,0.49000000000000016,0.7520358306188925,0.7591801878736123,0.7310855263157895,0.744868035190616,0.8247579318760612,0.744868035190616
7,1e-12,0.5000000000000002,0.7528501628664495,0.7650130548302873,0.7228618421052632,0.743340380549683,0.8247579318760612,0.743340380549683
7,1e-12,0.5100000000000002,0.755700325732899,0.7720848056537103,0.71875,0.7444633730834753,0.8247579318760612,0.7444633730834753
7,1e-12,0.5200000000000002,0.7528501628664495,0.7745716862037872,0.7064144736842105,0.7389247311827959,0.8247579318760612,0.7389247311827959
7,1e-12,0.5300000000000002,0.7520358306188925,0.777676120768527,0.6990131578947368,0.7362494586401038,0.8247579318760612,0.7362494586401038
7,1e-12,0.5400000000000003,0.7512214983713354,0.7803521779425394,0.6924342105263158,0.7337690631808279,0.8247579318760612,0.7337690631808279
7,1e-12,0.5500000000000003,0.7528501628664495,0.7880794701986755,0.6850328947368421,0.7329520457545093,0.8247579318760612,0.7329520457545093
7,1e-12,0.5600000000000003,0.754071661237785,0.7959381044487428,0.6768092105263158,0.7315555555555557,0.8247579318760612,0.7315555555555557
7,1e-12,0.5700000000000003,0.7495928338762216,0.7978196233894945,0.6620065789473685,0.7235955056179777,0.8247579318760612,0.7235955056179777
7,1e-12,0.5800000000000003,0.7487785016286646,0.8004012036108324,0.65625,0.7211929507455942,0.8247579318760612,0.7211929507455942
7,1e-12,0.5900000000000003,0.75,0.8077709611451943,0.649671052631579,0.7201458523245214,0.8247579318760612,0.7201458523245214
7,1e-12,0.6000000000000003,0.744299674267101,0.810126582278481,0.631578947368421,0.7097966728280961,0.8247579318760612,0.7097966728280961
7,1e-12,0.6100000000000003,0.741042345276873,0.8125,0.6200657894736842,0.7033582089552238,0.8247579318760612,0.7033582089552238
7,1e-12,0.6200000000000003,0.741042345276873,0.8179824561403509,0.6134868421052632,0.7011278195488723,0.8247579318760612,0.7011278195488723
7,1e-12,0.6300000000000003,0.739413680781759,0.8192904656319291,0.6077302631578947,0.6978281397544853,0.8247579318760612,0.6978281397544853
7,1e-12,0.6400000000000003,0.7398208469055375,0.8252536640360767,0.6019736842105263,0.696148359486448,0.8247579318760612,0.696148359486448
7,1e-12,0.6500000000000004,0.7369706840390879,0.8290993071593533,0.5904605263157895,0.6897214217098944,0.8247579318760612,0.6897214217098944
7,1e-12,0.6600000000000004,0.7328990228013029,0.8317535545023697,0.5773026315789473,0.6815533980582523,0.8247579318760612,0.6815533980582523
7,1e-12,0.6700000000000004,0.7300488599348535,0.8351515151515152,0.5666118421052632,0.6751592356687899,0.8247579318760612,0.6751592356687899
7,1e-12,0.6800000000000004,0.7243485342019544,0.8381430363864492,0.5493421052631579,0.663686040735221,0.8247579318760612,0.663686040735221
7,1e-12,0.6900000000000004,0.7210912052117264,0.8452535760728218,0.5345394736842105,0.654911838790932,0.8247579318760612,0.654911838790932
7,1e-12,0.7000000000000004,0.7170195439739414,0.8459495351925631,0.5238486842105263,0.6470289487049264,0.8247579318760612,0.6470289487049264
7,1e-10,0.3,0.7133550488599348,0.657829839704069,0.8774671052631579,0.7519379844961239,0.8247579318760612,0.7519379844961239
7,1e-10,0.31,0.7162052117263844,0.6629001883239172,0.868421052631579,0.7518689925240299,0.8247579318760612,0.7518689925240299
7,1e-10,0.32,0.7190553745928339,0.6681585677749361,0.859375,0.7517985611510792,0.8247579318760612,0.7517985611510792
7,1e-10,0.33,0.7231270358306189,0.6747066492829205,0.8511513157894737,0.7527272727272727,0.8247579318760612,0.7527272727272727
7,1e-10,0.34,0.7243485342019544,0.6781229345670853,0.84375,0.7519237816049836,0.8247579318760612,0.7519237816049836
7,1e-10,0.35000000000000003,0.7316775244299675,0.6888135593220339,0.8355263157894737,0.7551096246748421,0.8247579318760612,0.7551096246748421
7,1e-10,0.36000000000000004,0.7316775244299675,0.6922015182884748,0.8248355263157895,0.7527204502814259,0.8247579318760612,0.7527204502814259
7,1e-10,0.37000000000000005,0.7365635179153095,0.6988120195667366,0.8223684210526315,0.7555723460521345,0.8247579318760612,0.7555723460521345
7,1e-10,0.38000000000000006,0.7414495114006515,0.7061745919091554,0.8182565789473685,0.7580952380952382,0.8247579318760612,0.7580952380952382
7,1e-10,0.39000000000000007,0.7447068403908795,0.7126353790613719,0.8116776315789473,0.7589388696655133,0.8247579318760612,0.7589388696655133
7,1e-10,0.4000000000000001,0.744299674267101,0.7139737991266376,0.8067434210526315,0.7575289575289575,0.8247579318760612,0.7575289575289575
7,1e-10,0.4100000000000001,0.748371335504886,0.7221396731054978,0.7993421052631579,0.7587822014051522,0.8247579318760612,0.7587822014051522
7,1e-10,0.4200000000000001,0.746742671009772,0.7239819004524887,0.7894736842105263,0.7553107789142408,0.8247579318760612,0.7553107789142408
7,1e-10,0.4300000000000001,0.7504071661237784,0.7324595219737856,0.78125,0.7560684440907282,0.8247579318760612,0.7560684440907282
7,1e-10,0.4400000000000001,0.750814332247557,0.7370486656200942,0.772203947368421,0.7542168674698795,0.8247579318760612,0.7542168674698795
7,1e-10,0.4500000000000001,0.751628664495114,0.7416267942583732,0.7648026315789473,0.7530364372469636,0.8247579318760612,0.7530364372469636
7,1e-10,0.46000000000000013,0.7552931596091205,0.7481840193704601,0.7623355263157895,0.7551934826883911,0.8247579318760612,0.7551934826883911
7,1e-10,0.47000000000000014,0.7552931596091205,0.7530864197530864,0.7524671052631579,0.7527766351295764,0.8247579318760612,0.7527766351295764
7,1e-10,0.48000000000000015,0.755700325732899,0.7579564489112228,0.7442434210526315,0.7510373443983404,0.8247579318760612,0.7510373443983404
7,1e-10,0.49000000000000016,0.7520358306188925,0.7591801878736123,0.7310855263157895,0.744868035190616,0.8247579318760612,0.744868035190616
7,1e-10,0.5000000000000002,0.7528501628664495,0.7650130548302873,0.7228618421052632,0.743340380549683,0.8247579318760612,0.743340380549683
7,1e-10,0.5100000000000002,0.755700325732899,0.7720848056537103,0.71875,0.7444633730834753,0.8247579318760612,0.7444633730834753
7,1e-10,0.5200000000000002,0.7528501628664495,0.7745716862037872,0.7064144736842105,0.7389247311827959,0.8247579318760612,0.7389247311827959
7,1e-10,0.5300000000000002,0.7520358306188925,0.777676120768527,0.6990131578947368,0.7362494586401038,0.8247579318760612,0.7362494586401038
7,1e-10,0.5400000000000003,0.7512214983713354,0.7803521779425394,0.6924342105263158,0.7337690631808279,0.8247579318760612,0.7337690631808279
7,1e-10,0.5500000000000003,0.7528501628664495,0.7880794701986755,0.6850328947368421,0.7329520457545093,0.8247579318760612,0.7329520457545093
7,1e-10,0.5600000000000003,0.754071661237785,0.7959381044487428,0.6768092105263158,0.7315555555555557,0.8247579318760612,0.7315555555555557
7,1e-10,0.5700000000000003,0.7495928338762216,0.7978196233894945,0.6620065789473685,0.7235955056179777,0.8247579318760612,0.7235955056179777
7,1e-10,0.5800000000000003,0.7487785016286646,0.8004012036108324,0.65625,0.7211929507455942,0.8247579318760612,0.7211929507455942
7,1e-10,0.5900000000000003,0.75,0.8077709611451943,0.649671052631579,0.7201458523245214,0.8247579318760612,0.7201458523245214
7,1e-10,0.6000000000000003,0.744299674267101,0.810126582278481,0.631578947368421,0.7097966728280961,0.8247579318760612,0.7097966728280961
7,1e-10,0.6100000000000003,0.741042345276873,0.8125,0.6200657894736842,0.7033582089552238,0.8247579318760612,0.7033582089552238
7,1e-10,0.6200000000000003,0.741042345276873,0.8179824561403509,0.6134868421052632,0.7011278195488723,0.8247579318760612,0.7011278195488723
7,1e-10,0.6300000000000003,0.739413680781759,0.8192904656319291,0.6077302631578947,0.6978281397544853,0.8247579318760612,0.6978281397544853
7,1e-10,0.6400000000000003,0.7398208469055375,0.8252536640360767,0.6019736842105263,0.696148359486448,0.8247579318760612,0.696148359486448
7,1e-10,0.6500000000000004,0.7369706840390879,0.8290993071593533,0.5904605263157895,0.6897214217098944,0.8247579318760612,0.6897214217098944
7,1e-10,0.6600000000000004,0.7328990228013029,0.8317535545023697,0.5773026315789473,0.6815533980582523,0.8247579318760612,0.6815533980582523
7,1e-10,0.6700000000000004,0.7300488599348535,0.8351515151515152,0.5666118421052632,0.6751592356687899,0.8247579318760612,0.6751592356687899
7,1e-10,0.6800000000000004,0.7243485342019544,0.8381430363864492,0.5493421052631579,0.663686040735221,0.8247579318760612,0.663686040735221
7,1e-10,0.6900000000000004,0.7210912052117264,0.8452535760728218,0.5345394736842105,0.654911838790932,0.8247579318760612,0.654911838790932
7,1e-10,0.7000000000000004,0.7170195439739414,0.8459495351925631,0.5238486842105263,0.6470289487049264,0.8247579318760612,0.6470289487049264
7,1e-09,0.3,0.7133550488599348,0.657829839704069,0.8774671052631579,0.7519379844961239,0.8247579318760612,0.7519379844961239
7,1e-09,0.31,0.7162052117263844,0.6629001883239172,0.868421052631579,0.7518689925240299,0.8247579318760612,0.7518689925240299
7,1e-09,0.32,0.7190553745928339,0.6681585677749361,0.859375,0.7517985611510792,0.8247579318760612,0.7517985611510792
7,1e-09,0.33,0.7231270358306189,0.6747066492829205,0.8511513157894737,0.7527272727272727,0.8247579318760612,0.7527272727272727
7,1e-09,0.34,0.7243485342019544,0.6781229345670853,0.84375,0.7519237816049836,0.8247579318760612,0.7519237816049836
7,1e-09,0.35000000000000003,0.7316775244299675,0.6888135593220339,0.8355263157894737,0.7551096246748421,0.8247579318760612,0.7551096246748421
7,1e-09,0.36000000000000004,0.7316775244299675,0.6922015182884748,0.8248355263157895,0.7527204502814259,0.8247579318760612,0.7527204502814259
7,1e-09,0.37000000000000005,0.7365635179153095,0.6988120195667366,0.8223684210526315,0.7555723460521345,0.8247579318760612,0.7555723460521345
7,1e-09,0.38000000000000006,0.7414495114006515,0.7061745919091554,0.8182565789473685,0.7580952380952382,0.8247579318760612,0.7580952380952382
7,1e-09,0.39000000000000007,0.7447068403908795,0.7126353790613719,0.8116776315789473,0.7589388696655133,0.8247579318760612,0.7589388696655133
7,1e-09,0.4000000000000001,0.744299674267101,0.7139737991266376,0.8067434210526315,0.7575289575289575,0.8247579318760612,0.7575289575289575
7,1e-09,0.4100000000000001,0.748371335504886,0.7221396731054978,0.7993421052631579,0.7587822014051522,0.8247579318760612,0.7587822014051522
7,1e-09,0.4200000000000001,0.746742671009772,0.7239819004524887,0.7894736842105263,0.7553107789142408,0.8247579318760612,0.7553107789142408
7,1e-09,0.4300000000000001,0.7504071661237784,0.7324595219737856,0.78125,0.7560684440907282,0.8247579318760612,0.7560684440907282
7,1e-09,0.4400000000000001,0.750814332247557,0.7370486656200942,0.772203947368421,0.7542168674698795,0.8247579318760612,0.7542168674698795
7,1e-09,0.4500000000000001,0.751628664495114,0.7416267942583732,0.7648026315789473,0.7530364372469636,0.8247579318760612,0.7530364372469636
7,1e-09,0.46000000000000013,0.7552931596091205,0.7481840193704601,0.7623355263157895,0.7551934826883911,0.8247579318760612,0.7551934826883911
7,1e-09,0.47000000000000014,0.7552931596091205,0.7530864197530864,0.7524671052631579,0.7527766351295764,0.8247579318760612,0.7527766351295764
7,1e-09,0.48000000000000015,0.755700325732899,0.7579564489112228,0.7442434210526315,0.7510373443983404,0.8247579318760612,0.7510373443983404
7,1e-09,0.49000000000000016,0.7520358306188925,0.7591801878736123,0.7310855263157895,0.744868035190616,0.8247579318760612,0.744868035190616
7,1e-09,0.5000000000000002,0.7528501628664495,0.7650130548302873,0.7228618421052632,0.743340380549683,0.8247579318760612,0.743340380549683
7,1e-09,0.5100000000000002,0.755700325732899,0.7720848056537103,0.71875,0.7444633730834753,0.8247579318760612,0.7444633730834753
7,1e-09,0.5200000000000002,0.7528501628664495,0.7745716862037872,0.7064144736842105,0.7389247311827959,0.8247579318760612,0.7389247311827959
7,1e-09,0.5300000000000002,0.7520358306188925,0.777676120768527,0.6990131578947368,0.7362494586401038,0.8247579318760612,0.7362494586401038
7,1e-09,0.5400000000000003,0.7512214983713354,0.7803521779425394,0.6924342105263158,0.7337690631808279,0.8247579318760612,0.7337690631808279
7,1e-09,0.5500000000000003,0.7528501628664495,0.7880794701986755,0.6850328947368421,0.7329520457545093,0.8247579318760612,0.7329520457545093
7,1e-09,0.5600000000000003,0.754071661237785,0.7959381044487428,0.6768092105263158,0.7315555555555557,0.8247579318760612,0.7315555555555557
7,1e-09,0.5700000000000003,0.7495928338762216,0.7978196233894945,0.6620065789473685,0.7235955056179777,0.8247579318760612,0.7235955056179777
7,1e-09,0.5800000000000003,0.7487785016286646,0.8004012036108324,0.65625,0.7211929507455942,0.8247579318760612,0.7211929507455942
7,1e-09,0.5900000000000003,0.75,0.8077709611451943,0.649671052631579,0.7201458523245214,0.8247579318760612,0.7201458523245214
7,1e-09,0.6000000000000003,0.744299674267101,0.810126582278481,0.631578947368421,0.7097966728280961,0.8247579318760612,0.7097966728280961
7,1e-09,0.6100000000000003,0.741042345276873,0.8125,0.6200657894736842,0.7033582089552238,0.8247579318760612,0.7033582089552238
7,1e-09,0.6200000000000003,0.741042345276873,0.8179824561403509,0.6134868421052632,0.7011278195488723,0.8247579318760612,0.7011278195488723
7,1e-09,0.6300000000000003,0.739413680781759,0.8192904656319291,0.6077302631578947,0.6978281397544853,0.8247579318760612,0.6978281397544853
7,1e-09,0.6400000000000003,0.7398208469055375,0.8252536640360767,0.6019736842105263,0.696148359486448,0.8247579318760612,0.696148359486448
7,1e-09,0.6500000000000004,0.7369706840390879,0.8290993071593533,0.5904605263157895,0.6897214217098944,0.8247579318760612,0.6897214217098944
7,1e-09,0.6600000000000004,0.7328990228013029,0.8317535545023697,0.5773026315789473,0.6815533980582523,0.8247579318760612,0.6815533980582523
7,1e-09,0.6700000000000004,0.7300488599348535,0.8351515151515152,0.5666118421052632,0.6751592356687899,0.8247579318760612,0.6751592356687899
7,1e-09,0.6800000000000004,0.7243485342019544,0.8381430363864492,0.5493421052631579,0.663686040735221,0.8247579318760612,0.663686040735221
7,1e-09,0.6900000000000004,0.7210912052117264,0.8452535760728218,0.5345394736842105,0.654911838790932,0.8247579318760612,0.654911838790932
7,1e-09,0.7000000000000004,0.7170195439739414,0.8459495351925631,0.5238486842105263,0.6470289487049264,0.8247579318760612,0.6470289487049264
7,1e-08,0.3,0.7133550488599348,0.657829839704069,0.8774671052631579,0.7519379844961239,0.8247579318760612,0.7519379844961239
7,1e-08,0.31,0.7162052117263844,0.6629001883239172,0.868421052631579,0.7518689925240299,0.8247579318760612,0.7518689925240299
7,1e-08,0.32,0.7190553745928339,0.6681585677749361,0.859375,0.7517985611510792,0.8247579318760612,0.7517985611510792
7,1e-08,0.33,0.7231270358306189,0.6747066492829205,0.8511513157894737,0.7527272727272727,0.8247579318760612,0.7527272727272727
7,1e-08,0.34,0.7243485342019544,0.6781229345670853,0.84375,0.7519237816049836,0.8247579318760612,0.7519237816049836
7,1e-08,0.35000000000000003,0.7316775244299675,0.6888135593220339,0.8355263157894737,0.7551096246748421,0.8247579318760612,0.7551096246748421
7,1e-08,0.36000000000000004,0.7316775244299675,0.6922015182884748,0.8248355263157895,0.7527204502814259,0.8247579318760612,0.7527204502814259
7,1e-08,0.37000000000000005,0.7365635179153095,0.6988120195667366,0.8223684210526315,0.7555723460521345,0.8247579318760612,0.7555723460521345
7,1e-08,0.38000000000000006,0.7414495114006515,0.7061745919091554,0.8182565789473685,0.7580952380952382,0.8247579318760612,0.7580952380952382
7,1e-08,0.39000000000000007,0.7447068403908795,0.7126353790613719,0.8116776315789473,0.7589388696655133,0.8247579318760612,0.7589388696655133
7,1e-08,0.4000000000000001,0.744299674267101,0.7139737991266376,0.8067434210526315,0.7575289575289575,0.8247579318760612,0.7575289575289575
7,1e-08,0.4100000000000001,0.748371335504886,0.7221396731054978,0.7993421052631579,0.7587822014051522,0.8247579318760612,0.7587822014051522
7,1e-08,0.4200000000000001,0.746742671009772,0.7239819004524887,0.7894736842105263,0.7553107789142408,0.8247579318760612,0.7553107789142408
7,1e-08,0.4300000000000001,0.7504071661237784,0.7324595219737856,0.78125,0.7560684440907282,0.8247579318760612,0.7560684440907282
7,1e-08,0.4400000000000001,0.750814332247557,0.7370486656200942,0.772203947368421,0.7542168674698795,0.8247579318760612,0.7542168674698795
7,1e-08,0.4500000000000001,0.751628664495114,0.7416267942583732,0.7648026315789473,0.7530364372469636,0.8247579318760612,0.7530364372469636
7,1e-08,0.46000000000000013,0.7552931596091205,0.7481840193704601,0.7623355263157895,0.7551934826883911,0.8247579318760612,0.7551934826883911
7,1e-08,0.47000000000000014,0.7552931596091205,0.7530864197530864,0.7524671052631579,0.7527766351295764,0.8247579318760612,0.7527766351295764
7,1e-08,0.48000000000000015,0.755700325732899,0.7579564489112228,0.7442434210526315,0.7510373443983404,0.8247579318760612,0.7510373443983404
7,1e-08,0.49000000000000016,0.7520358306188925,0.7591801878736123,0.7310855263157895,0.744868035190616,0.8247579318760612,0.744868035190616
7,1e-08,0.5000000000000002,0.7528501628664495,0.7650130548302873,0.7228618421052632,0.743340380549683,0.8247579318760612,0.743340380549683
7,1e-08,0.5100000000000002,0.755700325732899,0.7720848056537103,0.71875,0.7444633730834753,0.8247579318760612,0.7444633730834753
7,1e-08,0.5200000000000002,0.7528501628664495,0.7745716862037872,0.7064144736842105,0.7389247311827959,0.8247579318760612,0.7389247311827959
7,1e-08,0.5300000000000002,0.7520358306188925,0.777676120768527,0.6990131578947368,0.7362494586401038,0.8247579318760612,0.7362494586401038
7,1e-08,0.5400000000000003,0.7512214983713354,0.7803521779425394,0.6924342105263158,0.7337690631808279,0.8247579318760612,0.7337690631808279
7,1e-08,0.5500000000000003,0.7528501628664495,0.7880794701986755,0.6850328947368421,0.7329520457545093,0.8247579318760612,0.7329520457545093
7,1e-08,0.5600000000000003,0.754071661237785,0.7959381044487428,0.6768092105263158,0.7315555555555557,0.8247579318760612,0.7315555555555557
7,1e-08,0.5700000000000003,0.7495928338762216,0.7978196233894945,0.6620065789473685,0.7235955056179777,0.8247579318760612,0.7235955056179777
7,1e-08,0.5800000000000003,0.7487785016286646,0.8004012036108324,0.65625,0.7211929507455942,0.8247579318760612,0.7211929507455942
7,1e-08,0.5900000000000003,0.75,0.8077709611451943,0.649671052631579,0.7201458523245214,0.8247579318760612,0.7201458523245214
7,1e-08,0.6000000000000003,0.744299674267101,0.810126582278481,0.631578947368421,0.7097966728280961,0.8247579318760612,0.7097966728280961
7,1e-08,0.6100000000000003,0.741042345276873,0.8125,0.6200657894736842,0.7033582089552238,0.8247579318760612,0.7033582089552238
7,1e-08,0.6200000000000003,0.741042345276873,0.8179824561403509,0.6134868421052632,0.7011278195488723,0.8247579318760612,0.7011278195488723
7,1e-08,0.6300000000000003,0.739413680781759,0.8192904656319291,0.6077302631578947,0.6978281397544853,0.8247579318760612,0.6978281397544853
7,1e-08,0.6400000000000003,0.7398208469055375,0.8252536640360767,0.6019736842105263,0.696148359486448,0.8247579318760612,0.696148359486448
7,1e-08,0.6500000000000004,0.7369706840390879,0.8290993071593533,0.5904605263157895,0.6897214217098944,0.8247579318760612,0.6897214217098944
7,1e-08,0.6600000000000004,0.7328990228013029,0.8317535545023697,0.5773026315789473,0.6815533980582523,0.8247579318760612,0.6815533980582523
7,1e-08,0.6700000000000004,0.7300488599348535,0.8351515151515152,0.5666118421052632,0.6751592356687899,0.8247579318760612,0.6751592356687899
7,1e-08,0.6800000000000004,0.7243485342019544,0.8381430363864492,0.5493421052631579,0.663686040735221,0.8247579318760612,0.663686040735221
7,1e-08,0.6900000000000004,0.7210912052117264,0.8452535760728218,0.5345394736842105,0.654911838790932,0.8247579318760612,0.654911838790932
7,1e-08,0.7000000000000004,0.7170195439739414,0.8459495351925631,0.5238486842105263,0.6470289487049264,0.8247579318760612,0.6470289487049264
7,1e-07,0.3,0.7133550488599348,0.657829839704069,0.8774671052631579,0.7519379844961239,0.8247579318760612,0.7519379844961239
7,1e-07,0.31,0.7162052117263844,0.6629001883239172,0.868421052631579,0.7518689925240299,0.8247579318760612,0.7518689925240299
7,1e-07,0.32,0.7190553745928339,0.6681585677749361,0.859375,0.7517985611510792,0.8247579318760612,0.7517985611510792
7,1e-07,0.33,0.7231270358306189,0.6747066492829205,0.8511513157894737,0.7527272727272727,0.8247579318760612,0.7527272727272727
7,1e-07,0.34,0.7243485342019544,0.6781229345670853,0.84375,0.7519237816049836,0.8247579318760612,0.7519237816049836
7,1e-07,0.35000000000000003,0.7316775244299675,0.6888135593220339,0.8355263157894737,0.7551096246748421,0.8247579318760612,0.7551096246748421
7,1e-07,0.36000000000000004,0.7316775244299675,0.6922015182884748,0.8248355263157895,0.7527204502814259,0.8247579318760612,0.7527204502814259
7,1e-07,0.37000000000000005,0.7365635179153095,0.6988120195667366,0.8223684210526315,0.7555723460521345,0.8247579318760612,0.7555723460521345
7,1e-07,0.38000000000000006,0.7414495114006515,0.7061745919091554,0.8182565789473685,0.7580952380952382,0.8247579318760612,0.7580952380952382
7,1e-07,0.39000000000000007,0.7447068403908795,0.7126353790613719,0.8116776315789473,0.7589388696655133,0.8247579318760612,0.7589388696655133
7,1e-07,0.4000000000000001,0.744299674267101,0.7139737991266376,0.8067434210526315,0.7575289575289575,0.8247579318760612,0.7575289575289575
7,1e-07,0.4100000000000001,0.748371335504886,0.7221396731054978,0.7993421052631579,0.7587822014051522,0.8247579318760612,0.7587822014051522
7,1e-07,0.4200000000000001,0.746742671009772,0.7239819004524887,0.7894736842105263,0.7553107789142408,0.8247579318760612,0.7553107789142408
7,1e-07,0.4300000000000001,0.7504071661237784,0.7324595219737856,0.78125,0.7560684440907282,0.8247579318760612,0.7560684440907282
7,1e-07,0.4400000000000001,0.750814332247557,0.7370486656200942,0.772203947368421,0.7542168674698795,0.8247579318760612,0.7542168674698795
7,1e-07,0.4500000000000001,0.751628664495114,0.7416267942583732,0.7648026315789473,0.7530364372469636,0.8247579318760612,0.7530364372469636
7,1e-07,0.46000000000000013,0.7552931596091205,0.7481840193704601,0.7623355263157895,0.7551934826883911,0.8247579318760612,0.7551934826883911
7,1e-07,0.47000000000000014,0.7552931596091205,0.7530864197530864,0.7524671052631579,0.7527766351295764,0.8247579318760612,0.7527766351295764
7,1e-07,0.48000000000000015,0.755700325732899,0.7579564489112228,0.7442434210526315,0.7510373443983404,0.8247579318760612,0.7510373443983404
7,1e-07,0.49000000000000016,0.7520358306188925,0.7591801878736123,0.7310855263157895,0.744868035190616,0.8247579318760612,0.744868035190616
7,1e-07,0.5000000000000002,0.7528501628664495,0.7650130548302873,0.7228618421052632,0.743340380549683,0.8247579318760612,0.743340380549683
7,1e-07,0.5100000000000002,0.755700325732899,0.7720848056537103,0.71875,0.7444633730834753,0.8247579318760612,0.7444633730834753
7,1e-07,0.5200000000000002,0.7528501628664495,0.7745716862037872,0.7064144736842105,0.7389247311827959,0.8247579318760612,0.7389247311827959
7,1e-07,0.5300000000000002,0.7520358306188925,0.777676120768527,0.6990131578947368,0.7362494586401038,0.8247579318760612,0.7362494586401038
7,1e-07,0.5400000000000003,0.7512214983713354,0.7803521779425394,0.6924342105263158,0.7337690631808279,0.8247579318760612,0.7337690631808279
7,1e-07,0.5500000000000003,0.7528501628664495,0.7880794701986755,0.6850328947368421,0.7329520457545093,0.8247579318760612,0.7329520457545093
7,1e-07,0.5600000000000003,0.754071661237785,0.7959381044487428,0.6768092105263158,0.7315555555555557,0.8247579318760612,0.7315555555555557
7,1e-07,0.5700000000000003,0.7495928338762216,0.7978196233894945,0.6620065789473685,0.7235955056179777,0.8247579318760612,0.7235955056179777
7,1e-07,0.5800000000000003,0.7487785016286646,0.8004012036108324,0.65625,0.7211929507455942,0.8247579318760612,0.7211929507455942
7,1e-07,0.5900000000000003,0.75,0.8077709611451943,0.649671052631579,0.7201458523245214,0.8247579318760612,0.7201458523245214
7,1e-07,0.6000000000000003,0.744299674267101,0.810126582278481,0.631578947368421,0.7097966728280961,0.8247579318760612,0.7097966728280961
7,1e-07,0.6100000000000003,0.741042345276873,0.8125,0.6200657894736842,0.7033582089552238,0.8247579318760612,0.7033582089552238
7,1e-07,0.6200000000000003,0.741042345276873,0.8179824561403509,0.6134868421052632,0.7011278195488723,0.8247579318760612,0.7011278195488723
7,1e-07,0.6300000000000003,0.739413680781759,0.8192904656319291,0.6077302631578947,0.6978281397544853,0.8247579318760612,0.6978281397544853
7,1e-07,0.6400000000000003,0.7398208469055375,0.8252536640360767,0.6019736842105263,0.696148359486448,0.8247579318760612,0.696148359486448
7,1e-07,0.6500000000000004,0.7369706840390879,0.8290993071593533,0.5904605263157895,0.6897214217098944,0.8247579318760612,0.6897214217098944
7,1e-07,0.6600000000000004,0.7328990228013029,0.8317535545023697,0.5773026315789473,0.6815533980582523,0.8247579318760612,0.6815533980582523
7,1e-07,0.6700000000000004,0.7300488599348535,0.8351515151515152,0.5666118421052632,0.6751592356687899,0.8247579318760612,0.6751592356687899
7,1e-07,0.6800000000000004,0.7243485342019544,0.8381430363864492,0.5493421052631579,0.663686040735221,0.8247579318760612,0.663686040735221
7,1e-07,0.6900000000000004,0.7210912052117264,0.8452535760728218,0.5345394736842105,0.654911838790932,0.8247579318760612,0.654911838790932
7,1e-07,0.7000000000000004,0.7170195439739414,0.8459495351925631,0.5238486842105263,0.6470289487049264,0.8247579318760612,0.6470289487049264
7,1e-06,0.3,0.7133550488599348,0.657829839704069,0.8774671052631579,0.7519379844961239,0.8247579318760612,0.7519379844961239
7,1e-06,0.31,0.7162052117263844,0.6629001883239172,0.868421052631579,0.7518689925240299,0.8247579318760612,0.7518689925240299
7,1e-06,0.32,0.7190553745928339,0.6681585677749361,0.859375,0.7517985611510792,0.8247579318760612,0.7517985611510792
7,1e-06,0.33,0.7231270358306189,0.6747066492829205,0.8511513157894737,0.7527272727272727,0.8247579318760612,0.7527272727272727
7,1e-06,0.34,0.7243485342019544,0.6781229345670853,0.84375,0.7519237816049836,0.8247579318760612,0.7519237816049836
7,1e-06,0.35000000000000003,0.7316775244299675,0.6888135593220339,0.8355263157894737,0.7551096246748421,0.8247579318760612,0.7551096246748421
7,1e-06,0.36000000000000004,0.7316775244299675,0.6922015182884748,0.8248355263157895,0.7527204502814259,0.8247579318760612,0.7527204502814259
7,1e-06,0.37000000000000005,0.7365635179153095,0.6988120195667366,0.8223684210526315,0.7555723460521345,0.8247579318760612,0.7555723460521345
7,1e-06,0.38000000000000006,0.7414495114006515,0.7061745919091554,0.8182565789473685,0.7580952380952382,0.8247579318760612,0.7580952380952382
7,1e-06,0.39000000000000007,0.7447068403908795,0.7126353790613719,0.8116776315789473,0.7589388696655133,0.8247579318760612,0.7589388696655133
7,1e-06,0.4000000000000001,0.744299674267101,0.7139737991266376,0.8067434210526315,0.7575289575289575,0.8247579318760612,0.7575289575289575
7,1e-06,0.4100000000000001,0.748371335504886,0.7221396731054978,0.7993421052631579,0.7587822014051522,0.8247579318760612,0.7587822014051522
7,1e-06,0.4200000000000001,0.746742671009772,0.7239819004524887,0.7894736842105263,0.7553107789142408,0.8247579318760612,0.7553107789142408
7,1e-06,0.4300000000000001,0.7504071661237784,0.7324595219737856,0.78125,0.7560684440907282,0.8247579318760612,0.7560684440907282
7,1e-06,0.4400000000000001,0.750814332247557,0.7370486656200942,0.772203947368421,0.7542168674698795,0.8247579318760612,0.7542168674698795
7,1e-06,0.4500000000000001,0.751628664495114,0.7416267942583732,0.7648026315789473,0.7530364372469636,0.8247579318760612,0.7530364372469636
7,1e-06,0.46000000000000013,0.7552931596091205,0.7481840193704601,0.7623355263157895,0.7551934826883911,0.8247579318760612,0.7551934826883911
7,1e-06,0.47000000000000014,0.7552931596091205,0.7530864197530864,0.7524671052631579,0.7527766351295764,0.8247579318760612,0.7527766351295764
7,1e-06,0.48000000000000015,0.755700325732899,0.7579564489112228,0.7442434210526315,0.7510373443983404,0.8247579318760612,0.7510373443983404
7,1e-06,0.49000000000000016,0.7520358306188925,0.7591801878736123,0.7310855263157895,0.744868035190616,0.8247579318760612,0.744868035190616
7,1e-06,0.5000000000000002,0.7528501628664495,0.7650130548302873,0.7228618421052632,0.743340380549683,0.8247579318760612,0.743340380549683
7,1e-06,0.5100000000000002,0.755700325732899,0.7720848056537103,0.71875,0.7444633730834753,0.8247579318760612,0.7444633730834753
7,1e-06,0.5200000000000002,0.7528501628664495,0.7745716862037872,0.7064144736842105,0.7389247311827959,0.8247579318760612,0.7389247311827959
7,1e-06,0.5300000000000002,0.7520358306188925,0.777676120768527,0.6990131578947368,0.7362494586401038,0.8247579318760612,0.7362494586401038
7,1e-06,0.5400000000000003,0.7512214983713354,0.7803521779425394,0.6924342105263158,0.7337690631808279,0.8247579318760612,0.7337690631808279
7,1e-06,0.5500000000000003,0.7528501628664495,0.7880794701986755,0.6850328947368421,0.7329520457545093,0.8247579318760612,0.7329520457545093
7,1e-06,0.5600000000000003,0.754071661237785,0.7959381044487428,0.6768092105263158,0.7315555555555557,0.8247579318760612,0.7315555555555557
7,1e-06,0.5700000000000003,0.7495928338762216,0.7978196233894945,0.6620065789473685,0.7235955056179777,0.8247579318760612,0.7235955056179777
7,1e-06,0.5800000000000003,0.7487785016286646,0.8004012036108324,0.65625,0.7211929507455942,0.8247579318760612,0.7211929507455942
7,1e-06,0.5900000000000003,0.75,0.8077709611451943,0.649671052631579,0.7201458523245214,0.8247579318760612,0.7201458523245214
7,1e-06,0.6000000000000003,0.744299674267101,0.810126582278481,0.631578947368421,0.7097966728280961,0.8247579318760612,0.7097966728280961
7,1e-06,0.6100000000000003,0.741042345276873,0.8125,0.6200657894736842,0.7033582089552238,0.8247579318760612,0.7033582089552238
7,1e-06,0.6200000000000003,0.741042345276873,0.8179824561403509,0.6134868421052632,0.7011278195488723,0.8247579318760612,0.7011278195488723
7,1e-06,0.6300000000000003,0.739413680781759,0.8192904656319291,0.6077302631578947,0.6978281397544853,0.8247579318760612,0.6978281397544853
7,1e-06,0.6400000000000003,0.7398208469055375,0.8252536640360767,0.6019736842105263,0.696148359486448,0.8247579318760612,0.696148359486448
7,1e-06,0.6500000000000004,0.7369706840390879,0.8290993071593533,0.5904605263157895,0.6897214217098944,0.8247579318760612,0.6897214217098944
7,1e-06,0.6600000000000004,0.7328990228013029,0.8317535545023697,0.5773026315789473,0.6815533980582523,0.8247579318760612,0.6815533980582523
7,1e-06,0.6700000000000004,0.7300488599348535,0.8351515151515152,0.5666118421052632,0.6751592356687899,0.8247579318760612,0.6751592356687899
7,1e-06,0.6800000000000004,0.7243485342019544,0.8381430363864492,0.5493421052631579,0.663686040735221,0.8247579318760612,0.663686040735221
7,1e-06,0.6900000000000004,0.7210912052117264,0.8452535760728218,0.5345394736842105,0.654911838790932,0.8247579318760612,0.654911838790932
7,1e-06,0.7000000000000004,0.7170195439739414,0.8459495351925631,0.5238486842105263,0.6470289487049264,0.8247579318760612,0.6470289487049264
7,1e-05,0.3,0.7133550488599348,0.657829839704069,0.8774671052631579,0.7519379844961239,0.8247579318760612,0.7519379844961239
7,1e-05,0.31,0.7162052117263844,0.6629001883239172,0.868421052631579,0.7518689925240299,0.8247579318760612,0.7518689925240299
7,1e-05,0.32,0.7190553745928339,0.6681585677749361,0.859375,0.7517985611510792,0.8247579318760612,0.7517985611510792
7,1e-05,0.33,0.7231270358306189,0.6747066492829205,0.8511513157894737,0.7527272727272727,0.8247579318760612,0.7527272727272727
7,1e-05,0.34,0.7243485342019544,0.6781229345670853,0.84375,0.7519237816049836,0.8247579318760612,0.7519237816049836
7,1e-05,0.35000000000000003,0.7316775244299675,0.6888135593220339,0.8355263157894737,0.7551096246748421,0.8247579318760612,0.7551096246748421
7,1e-05,0.36000000000000004,0.7316775244299675,0.6922015182884748,0.8248355263157895,0.7527204502814259,0.8247579318760612,0.7527204502814259
7,1e-05,0.37000000000000005,0.7365635179153095,0.6988120195667366,0.8223684210526315,0.7555723460521345,0.8247579318760612,0.7555723460521345
7,1e-05,0.38000000000000006,0.7414495114006515,0.7061745919091554,0.8182565789473685,0.7580952380952382,0.8247579318760612,0.7580952380952382
7,1e-05,0.39000000000000007,0.7447068403908795,0.7126353790613719,0.8116776315789473,0.7589388696655133,0.8247579318760612,0.7589388696655133
7,1e-05,0.4000000000000001,0.744299674267101,0.7139737991266376,0.8067434210526315,0.7575289575289575,0.8247579318760612,0.7575289575289575
7,1e-05,0.4100000000000001,0.748371335504886,0.7221396731054978,0.7993421052631579,0.7587822014051522,0.8247579318760612,0.7587822014051522
7,1e-05,0.4200000000000001,0.746742671009772,0.7239819004524887,0.7894736842105263,0.7553107789142408,0.8247579318760612,0.7553107789142408
7,1e-05,0.4300000000000001,0.7504071661237784,0.7324595219737856,0.78125,0.7560684440907282,0.8247579318760612,0.7560684440907282
7,1e-05,0.4400000000000001,0.750814332247557,0.7370486656200942,0.772203947368421,0.7542168674698795,0.8247579318760612,0.7542168674698795
7,1e-05,0.4500000000000001,0.751628664495114,0.7416267942583732,0.7648026315789473,0.7530364372469636,0.8247579318760612,0.7530364372469636
7,1e-05,0.46000000000000013,0.7552931596091205,0.7481840193704601,0.7623355263157895,0.7551934826883911,0.8247579318760612,0.7551934826883911
7,1e-05,0.47000000000000014,0.7552931596091205,0.7530864197530864,0.7524671052631579,0.7527766351295764,0.8247579318760612,0.7527766351295764
7,1e-05,0.48000000000000015,0.755700325732899,0.7579564489112228,0.7442434210526315,0.7510373443983404,0.8247579318760612,0.7510373443983404
7,1e-05,0.49000000000000016,0.7520358306188925,0.7591801878736123,0.7310855263157895,0.744868035190616,0.8247579318760612,0.744868035190616
7,1e-05,0.5000000000000002,0.7528501628664495,0.7650130548302873,0.7228618421052632,0.743340380549683,0.8247579318760612,0.743340380549683
7,1e-05,0.5100000000000002,0.755700325732899,0.7720848056537103,0.71875,0.7444633730834753,0.8247579318760612,0.7444633730834753
7,1e-05,0.5200000000000002,0.7528501628664495,0.7745716862037872,0.7064144736842105,0.7389247311827959,0.8247579318760612,0.7389247311827959
7,1e-05,0.5300000000000002,0.7520358306188925,0.777676120768527,0.6990131578947368,0.7362494586401038,0.8247579318760612,0.7362494586401038
7,1e-05,0.5400000000000003,0.7512214983713354,0.7803521779425394,0.6924342105263158,0.7337690631808279,0.8247579318760612,0.7337690631808279
7,1e-05,0.5500000000000003,0.7528501628664495,0.7880794701986755,0.6850328947368421,0.7329520457545093,0.8247579318760612,0.7329520457545093
7,1e-05,0.5600000000000003,0.754071661237785,0.7959381044487428,0.6768092105263158,0.7315555555555557,0.8247579318760612,0.7315555555555557
7,1e-05,0.5700000000000003,0.7495928338762216,0.7978196233894945,0.6620065789473685,0.7235955056179777,0.8247579318760612,0.7235955056179777
7,1e-05,0.5800000000000003,0.7487785016286646,0.8004012036108324,0.65625,0.7211929507455942,0.8247579318760612,0.7211929507455942
7,1e-05,0.5900000000000003,0.75,0.8077709611451943,0.649671052631579,0.7201458523245214,0.8247579318760612,0.7201458523245214
7,1e-05,0.6000000000000003,0.744299674267101,0.810126582278481,0.631578947368421,0.7097966728280961,0.8247579318760612,0.7097966728280961
7,1e-05,0.6100000000000003,0.741042345276873,0.8125,0.6200657894736842,0.7033582089552238,0.8247579318760612,0.7033582089552238
7,1e-05,0.6200000000000003,0.741042345276873,0.8179824561403509,0.6134868421052632,0.7011278195488723,0.8247579318760612,0.7011278195488723
7,1e-05,0.6300000000000003,0.739413680781759,0.8192904656319291,0.6077302631578947,0.6978281397544853,0.8247579318760612,0.6978281397544853
7,1e-05,0.6400000000000003,0.7398208469055375,0.8252536640360767,0.6019736842105263,0.696148359486448,0.8247579318760612,0.696148359486448
7,1e-05,0.6500000000000004,0.7369706840390879,0.8290993071593533,0.5904605263157895,0.6897214217098944,0.8247579318760612,0.6897214217098944
7,1e-05,0.6600000000000004,0.7328990228013029,0.8317535545023697,0.5773026315789473,0.6815533980582523,0.8247579318760612,0.6815533980582523
7,1e-05,0.6700000000000004,0.7300488599348535,0.8351515151515152,0.5666118421052632,0.6751592356687899,0.8247579318760612,0.6751592356687899
7,1e-05,0.6800000000000004,0.7243485342019544,0.8381430363864492,0.5493421052631579,0.663686040735221,0.8247579318760612,0.663686040735221
7,1e-05,0.6900000000000004,0.7210912052117264,0.8452535760728218,0.5345394736842105,0.654911838790932,0.8247579318760612,0.654911838790932
7,1e-05,0.7000000000000004,0.7170195439739414,0.8459495351925631,0.5238486842105263,0.6470289487049264,0.8247579318760612,0.6470289487049264
8,1e-12,0.3,0.7202768729641694,0.6641837368094351,0.8799342105263158,0.7569862044570216,0.8267508488964347,0.7569862044570216
8,1e-12,0.31,0.7243485342019544,0.6708941027266963,0.8700657894736842,0.7576083064804869,0.8267508488964347,0.7576083064804869
8,1e-12,0.32,0.7276058631921825,0.6772521062864549,0.859375,0.7575208408843783,0.8267508488964347,0.7575208408843783
8,1e-12,0.33,0.7292345276872965,0.6811308349769888,0.8519736842105263,0.7570332480818415,0.8267508488964347,0.7570332480818415
8,1e-12,0.34,0.7288273615635179,0.6833333333333333,0.8429276315789473,0.7547864506627394,0.8267508488964347,0.7547864506627394
8,1e-12,0.35000000000000003,0.7312703583061889,0.6880920162381596,0.8363486842105263,0.7550111358574609,0.8267508488964347,0.7550111358574609
8,1e-12,0.36000000000000004,0.7398208469055375,0.6991028295376122,0.8330592105263158,0.7602251407129456,0.8267508488964347,0.7602251407129456
8,1e-12,0.37000000000000005,0.7430781758957655,0.7052631578947368,0.8264802631578947,0.7610753502461189,0.8267508488964347,0.7610753502461189
8,1e-12,0.38000000000000006,0.7438925081433225,0.7088967971530249,0.819078947368421,0.7600152613506295,0.8267508488964347,0.7600152613506295
8,1e-12,0.39000000000000007,0.7471498371335505,0.7141828653707704,0.8157894736842105,0.7616122840690979,0.8267508488964347,0.7616122840690979
8,1e-12,0.4000000000000001,0.7479641693811075,0.7186813186813187,0.8067434210526315,0.760170476559473,0.8267508488964347,0.760170476559473
8,1e-12,0.4100000000000001,0.7512214983713354,0.724907063197026,0.8018092105263158,0.7614213197969544,0.8267508488964347,0.7614213197969544
8,1e-12,0.4200000000000001,0.7504071661237784,0.7278911564625851,0.7919407894736842,0.758566364710516,0.8267508488964347,0.758566364710516
8,1e-12,0.4300000000000001,0.753257328990228,0.7349768875192604,0.7845394736842105,0.7589498806682576,0.8267508488964347,0.7589498806682576
8,1e-12,0.4400000000000001,0.7536644951140065,0.7392325763508223,0.7763157894736842,0.7573204973926995,0.8267508488964347,0.7573204973926995
8,1e-12,0.4500000000000001,0.7528501628664495,0.7426294820717132,0.7664473684210527,0.754350465398624,0.8267508488964347,0.754350465398624
8,1e-12,0.46000000000000013,0.7536644951140065,0.7465698143664246,0.7606907894736842,0.7535641547861508,0.8267508488964347,0.7535641547861508
8,1e-12,0.47000000000000014,0.7536644951140065,0.751440329218107,0.7508223684210527,0.751131221719457,0.8267508488964347,0.751131221719457
8,1e-12,0.48000000000000015,0.754885993485342,0.7571189279731994,0.743421052631579,0.7502074688796682,0.8267508488964347,0.7502074688796682
8,1e-12,0.49000000000000016,0.7536644951140065,0.7608881298035867,0.7327302631578947,0.7465437788018434,0.8267508488964347,0.7465437788018434
8,1e-12,0.5000000000000002,0.755700325732899,0.768760907504363,0.7245065789473685,0.7459779847586792,0.8267508488964347,0.7459779847586792
8,1e-12,0.5100000000000002,0.753257328990228,0.7708703374777975,0.7138157894736842,0.7412467976088813,0.8267508488964347,0.7412467976088813
8,1e-12,0.5200000000000002,0.7520358306188925,0.7741644083107497,0.7047697368421053,0.7378390012914334,0.8267508488964347,0.7378390012914334
8,1e-12,0.5300000000000002,0.7528501628664495,0.7785910338517841,0.6998355263157895,0.7371156344737982,0.8267508488964347,0.7371156344737982
8,1e-12,0.5400000000000003,0.7520358306188925,0.7818012999071495,0.6924342105263158,0.7344090710859137,0.8267508488964347,0.7344090710859137
8,1e-12,0.5500000000000003,0.750814332247557,0.7843691148775894,0.6850328947368421,0.7313432835820896,0.8267508488964347,0.7313432835820896
8,1e-12,0.5600000000000003,0.75,0.7905405405405406,0.6735197368421053,0.7273534635879219,0.8267508488964347,0.7273534635879219
8,1e-12,0.5700000000000003,0.7520358306188925,0.8001978239366964,0.665296052631579,0.7265379434216435,0.8267508488964347,0.7265379434216435
8,1e-12,0.5800000000000003,0.7512214983713354,0.8071065989847716,0.6537828947368421,0.7223989095865516,0.8267508488964347,0.7223989095865516
8,1e-12,0.5900000000000003,0.747557003257329,0.8084886128364389,0.6422697368421053,0.7158570119156737,0.8267508488964347,0.7158570119156737
8,1e-12,0.6000000000000003,0.7471498371335505,0.8128286014721346,0.6356907894736842,0.7134287032764189,0.8267508488964347,0.7134287032764189
8,1e-12,0.6100000000000003,0.7438925081433225,0.8152524167561761,0.6241776315789473,0.7070330693991617,0.8267508488964347,0.7070330693991617
8,1e-12,0.6200000000000003,0.7381921824104235,0.8165745856353591,0.6077302631578947,0.6968411126826969,0.8267508488964347,0.6968411126826969
8,1e-12,0.6300000000000003,0.7381921824104235,0.8215488215488216,0.6019736842105263,0.6948267679164689,0.8267508488964347,0.6948267679164689
8,1e-12,0.6400000000000003,0.7373778501628665,0.8248009101251422,0.5962171052631579,0.6921241050119331,0.8267508488964347,0.6921241050119331
8,1e-12,0.6500000000000004,0.7353420195439739,0.8283062645011601,0.587171052631579,0.687199230028874,0.8267508488964347,0.687199230028874
8,1e-12,0.6600000000000004,0.7345276872964169,0.8333333333333334,0.5797697368421053,0.6838021338506305,0.8267508488964347,0.6838021338506305
8,1e-12,0.6700000000000004,0.7320846905537459,0.8369565217391305,0.5699013157894737,0.6780821917808219,0.8267508488964347,0.6780821917808219
8,1e-12,0.6800000000000004,0.7284201954397395,0.8409937888198757,0.5567434210526315,0.6699653636813458,0.8267508488964347,0.6699653636813458
8,1e-12,0.6900000000000004,0.7219055374592834,0.846553966189857,0.5353618421052632,0.655919395465995,0.8267508488964347,0.655919395465995
8,1e-12,0.7000000000000004,0.7162052117263844,0.8455392809587217,0.522203947368421,0.6456532791052364,0.8267508488964347,0.6456532791052364
8,1e-10,0.3,0.7202768729641694,0.6641837368094351,0.8799342105263158,0.7569862044570216,0.8267508488964347,0.7569862044570216
8,1e-10,0.31,0.7243485342019544,0.6708941027266963,0.8700657894736842,0.7576083064804869,0.8267508488964347,0.7576083064804869
8,1e-10,0.32,0.7276058631921825,0.6772521062864549,0.859375,0.7575208408843783,0.8267508488964347,0.7575208408843783
8,1e-10,0.33,0.7292345276872965,0.6811308349769888,0.8519736842105263,0.7570332480818415,0.8267508488964347,0.7570332480818415
8,1e-10,0.34,0.7288273615635179,0.6833333333333333,0.8429276315789473,0.7547864506627394,0.8267508488964347,0.7547864506627394
8,1e-10,0.35000000000000003,0.7312703583061889,0.6880920162381596,0.8363486842105263,0.7550111358574609,0.8267508488964347,0.7550111358574609
8,1e-10,0.36000000000000004,0.7398208469055375,0.6991028295376122,0.8330592105263158,0.7602251407129456,0.8267508488964347,0.7602251407129456
8,1e-10,0.37000000000000005,0.7430781758957655,0.7052631578947368,0.8264802631578947,0.7610753502461189,0.8267508488964347,0.7610753502461189
8,1e-10,0.38000000000000006,0.7438925081433225,0.7088967971530249,0.819078947368421,0.7600152613506295,0.8267508488964347,0.7600152613506295
8,1e-10,0.39000000000000007,0.7471498371335505,0.7141828653707704,0.8157894736842105,0.7616122840690979,0.8267508488964347,0.7616122840690979
8,1e-10,0.4000000000000001,0.7479641693811075,0.7186813186813187,0.8067434210526315,0.760170476559473,0.8267508488964347,0.760170476559473
8,1e-10,0.4100000000000001,0.7512214983713354,0.724907063197026,0.8018092105263158,0.7614213197969544,0.8267508488964347,0.7614213197969544
8,1e-10,0.4200000000000001,0.7504071661237784,0.7278911564625851,0.7919407894736842,0.758566364710516,0.8267508488964347,0.758566364710516
8,1e-10,0.4300000000000001,0.753257328990228,0.7349768875192604,0.7845394736842105,0.7589498806682576,0.8267508488964347,0.7589498806682576
8,1e-10,0.4400000000000001,0.7536644951140065,0.7392325763508223,0.7763157894736842,0.7573204973926995,0.8267508488964347,0.7573204973926995
8,1e-10,0.4500000000000001,0.7528501628664495,0.7426294820717132,0.7664473684210527,0.754350465398624,0.8267508488964347,0.754350465398624
8,1e-10,0.46000000000000013,0.7536644951140065,0.7465698143664246,0.7606907894736842,0.7535641547861508,0.8267508488964347,0.7535641547861508
8,1e-10,0.47000000000000014,0.7536644951140065,0.751440329218107,0.7508223684210527,0.751131221719457,0.8267508488964347,0.751131221719457
8,1e-10,0.48000000000000015,0.754885993485342,0.7571189279731994,0.743421052631579,0.7502074688796682,0.8267508488964347,0.7502074688796682
8,1e-10,0.49000000000000016,0.7536644951140065,0.7608881298035867,0.7327302631578947,0.7465437788018434,0.8267508488964347,0.7465437788018434
8,1e-10,0.5000000000000002,0.755700325732899,0.768760907504363,0.7245065789473685,0.7459779847586792,0.8267508488964347,0.7459779847586792
8,1e-10,0.5100000000000002,0.753257328990228,0.7708703374777975,0.7138157894736842,0.7412467976088813,0.8267508488964347,0.7412467976088813
8,1e-10,0.5200000000000002,0.7520358306188925,0.7741644083107497,0.7047697368421053,0.7378390012914334,0.8267508488964347,0.7378390012914334
8,1e-10,0.5300000000000002,0.7528501628664495,0.7785910338517841,0.6998355263157895,0.7371156344737982,0.8267508488964347,0.7371156344737982
8,1e-10,0.5400000000000003,0.7520358306188925,0.7818012999071495,0.6924342105263158,0.7344090710859137,0.8267508488964347,0.7344090710859137
8,1e-10,0.5500000000000003,0.750814332247557,0.7843691148775894,0.6850328947368421,0.7313432835820896,0.8267508488964347,0.7313432835820896
8,1e-10,0.5600000000000003,0.75,0.7905405405405406,0.6735197368421053,0.7273534635879219,0.8267508488964347,0.7273534635879219
8,1e-10,0.5700000000000003,0.7520358306188925,0.8001978239366964,0.665296052631579,0.7265379434216435,0.8267508488964347,0.7265379434216435
8,1e-10,0.5800000000000003,0.7512214983713354,0.8071065989847716,0.6537828947368421,0.7223989095865516,0.8267508488964347,0.7223989095865516
8,1e-10,0.5900000000000003,0.747557003257329,0.8084886128364389,0.6422697368421053,0.7158570119156737,0.8267508488964347,0.7158570119156737
8,1e-10,0.6000000000000003,0.7471498371335505,0.8128286014721346,0.6356907894736842,0.7134287032764189,0.8267508488964347,0.7134287032764189
8,1e-10,0.6100000000000003,0.7438925081433225,0.8152524167561761,0.6241776315789473,0.7070330693991617,0.8267508488964347,0.7070330693991617
8,1e-10,0.6200000000000003,0.7381921824104235,0.8165745856353591,0.6077302631578947,0.6968411126826969,0.8267508488964347,0.6968411126826969
8,1e-10,0.6300000000000003,0.7381921824104235,0.8215488215488216,0.6019736842105263,0.6948267679164689,0.8267508488964347,0.6948267679164689
8,1e-10,0.6400000000000003,0.7373778501628665,0.8248009101251422,0.5962171052631579,0.6921241050119331,0.8267508488964347,0.6921241050119331
8,1e-10,0.6500000000000004,0.7353420195439739,0.8283062645011601,0.587171052631579,0.687199230028874,0.8267508488964347,0.687199230028874
8,1e-10,0.6600000000000004,0.7345276872964169,0.8333333333333334,0.5797697368421053,0.6838021338506305,0.8267508488964347,0.6838021338506305
8,1e-10,0.6700000000000004,0.7320846905537459,0.8369565217391305,0.5699013157894737,0.6780821917808219,0.8267508488964347,0.6780821917808219
8,1e-10,0.6800000000000004,0.7284201954397395,0.8409937888198757,0.5567434210526315,0.6699653636813458,0.8267508488964347,0.6699653636813458
8,1e-10,0.6900000000000004,0.7219055374592834,0.846553966189857,0.5353618421052632,0.655919395465995,0.8267508488964347,0.655919395465995
8,1e-10,0.7000000000000004,0.7162052117263844,0.8455392809587217,0.522203947368421,0.6456532791052364,0.8267508488964347,0.6456532791052364
8,1e-09,0.3,0.7202768729641694,0.6641837368094351,0.8799342105263158,0.7569862044570216,0.8267508488964347,0.7569862044570216
8,1e-09,0.31,0.7243485342019544,0.6708941027266963,0.8700657894736842,0.7576083064804869,0.8267508488964347,0.7576083064804869
8,1e-09,0.32,0.7276058631921825,0.6772521062864549,0.859375,0.7575208408843783,0.8267508488964347,0.7575208408843783
8,1e-09,0.33,0.7292345276872965,0.6811308349769888,0.8519736842105263,0.7570332480818415,0.8267508488964347,0.7570332480818415
8,1e-09,0.34,0.7288273615635179,0.6833333333333333,0.8429276315789473,0.7547864506627394,0.8267508488964347,0.7547864506627394
8,1e-09,0.35000000000000003,0.7312703583061889,0.6880920162381596,0.8363486842105263,0.7550111358574609,0.8267508488964347,0.7550111358574609
8,1e-09,0.36000000000000004,0.7398208469055375,0.6991028295376122,0.8330592105263158,0.7602251407129456,0.8267508488964347,0.7602251407129456
8,1e-09,0.37000000000000005,0.7430781758957655,0.7052631578947368,0.8264802631578947,0.7610753502461189,0.8267508488964347,0.7610753502461189
8,1e-09,0.38000000000000006,0.7438925081433225,0.7088967971530249,0.819078947368421,0.7600152613506295,0.8267508488964347,0.7600152613506295
8,1e-09,0.39000000000000007,0.7471498371335505,0.7141828653707704,0.8157894736842105,0.7616122840690979,0.8267508488964347,0.7616122840690979
8,1e-09,0.4000000000000001,0.7479641693811075,0.7186813186813187,0.8067434210526315,0.760170476559473,0.8267508488964347,0.760170476559473
8,1e-09,0.4100000000000001,0.7512214983713354,0.724907063197026,0.8018092105263158,0.7614213197969544,0.8267508488964347,0.7614213197969544
8,1e-09,0.4200000000000001,0.7504071661237784,0.7278911564625851,0.7919407894736842,0.758566364710516,0.8267508488964347,0.758566364710516
8,1e-09,0.4300000000000001,0.753257328990228,0.7349768875192604,0.7845394736842105,0.7589498806682576,0.8267508488964347,0.7589498806682576
8,1e-09,0.4400000000000001,0.7536644951140065,0.7392325763508223,0.7763157894736842,0.7573204973926995,0.8267508488964347,0.7573204973926995
8,1e-09,0.4500000000000001,0.7528501628664495,0.7426294820717132,0.7664473684210527,0.754350465398624,0.8267508488964347,0.754350465398624
8,1e-09,0.46000000000000013,0.7536644951140065,0.7465698143664246,0.7606907894736842,0.7535641547861508,0.8267508488964347,0.7535641547861508
8,1e-09,0.47000000000000014,0.7536644951140065,0.751440329218107,0.7508223684210527,0.751131221719457,0.8267508488964347,0.751131221719457
8,1e-09,0.48000000000000015,0.754885993485342,0.7571189279731994,0.743421052631579,0.7502074688796682,0.8267508488964347,0.7502074688796682
8,1e-09,0.49000000000000016,0.7536644951140065,0.7608881298035867,0.7327302631578947,0.7465437788018434,0.8267508488964347,0.7465437788018434
8,1e-09,0.5000000000000002,0.755700325732899,0.768760907504363,0.7245065789473685,0.7459779847586792,0.8267508488964347,0.7459779847586792
8,1e-09,0.5100000000000002,0.753257328990228,0.7708703374777975,0.7138157894736842,0.7412467976088813,0.8267508488964347,0.7412467976088813
8,1e-09,0.5200000000000002,0.7520358306188925,0.7741644083107497,0.7047697368421053,0.7378390012914334,0.8267508488964347,0.7378390012914334
8,1e-09,0.5300000000000002,0.7528501628664495,0.7785910338517841,0.6998355263157895,0.7371156344737982,0.8267508488964347,0.7371156344737982
8,1e-09,0.5400000000000003,0.7520358306188925,0.7818012999071495,0.6924342105263158,0.7344090710859137,0.8267508488964347,0.7344090710859137
8,1e-09,0.5500000000000003,0.750814332247557,0.7843691148775894,0.6850328947368421,0.7313432835820896,0.8267508488964347,0.7313432835820896
8,1e-09,0.5600000000000003,0.75,0.7905405405405406,0.6735197368421053,0.7273534635879219,0.8267508488964347,0.7273534635879219
8,1e-09,0.5700000000000003,0.7520358306188925,0.8001978239366964,0.665296052631579,0.7265379434216435,0.8267508488964347,0.7265379434216435
8,1e-09,0.5800000000000003,0.7512214983713354,0.8071065989847716,0.6537828947368421,0.7223989095865516,0.8267508488964347,0.7223989095865516
8,1e-09,0.5900000000000003,0.747557003257329,0.8084886128364389,0.6422697368421053,0.7158570119156737,0.8267508488964347,0.7158570119156737
8,1e-09,0.6000000000000003,0.7471498371335505,0.8128286014721346,0.6356907894736842,0.7134287032764189,0.8267508488964347,0.7134287032764189
8,1e-09,0.6100000000000003,0.7438925081433225,0.8152524167561761,0.6241776315789473,0.7070330693991617,0.8267508488964347,0.7070330693991617
8,1e-09,0.6200000000000003,0.7381921824104235,0.8165745856353591,0.6077302631578947,0.6968411126826969,0.8267508488964347,0.6968411126826969
8,1e-09,0.6300000000000003,0.7381921824104235,0.8215488215488216,0.6019736842105263,0.6948267679164689,0.8267508488964347,0.6948267679164689
8,1e-09,0.6400000000000003,0.7373778501628665,0.8248009101251422,0.5962171052631579,0.6921241050119331,0.8267508488964347,0.6921241050119331
8,1e-09,0.6500000000000004,0.7353420195439739,0.8283062645011601,0.587171052631579,0.687199230028874,0.8267508488964347,0.687199230028874
8,1e-09,0.6600000000000004,0.7345276872964169,0.8333333333333334,0.5797697368421053,0.6838021338506305,0.8267508488964347,0.6838021338506305
8,1e-09,0.6700000000000004,0.7320846905537459,0.8369565217391305,0.5699013157894737,0.6780821917808219,0.8267508488964347,0.6780821917808219
8,1e-09,0.6800000000000004,0.7284201954397395,0.8409937888198757,0.5567434210526315,0.6699653636813458,0.8267508488964347,0.6699653636813458
8,1e-09,0.6900000000000004,0.7219055374592834,0.846553966189857,0.5353618421052632,0.655919395465995,0.8267508488964347,0.655919395465995
8,1e-09,0.7000000000000004,0.7162052117263844,0.8455392809587217,0.522203947368421,0.6456532791052364,0.8267508488964347,0.6456532791052364
8,1e-08,0.3,0.7202768729641694,0.6641837368094351,0.8799342105263158,0.7569862044570216,0.8267508488964347,0.7569862044570216
8,1e-08,0.31,0.7243485342019544,0.6708941027266963,0.8700657894736842,0.7576083064804869,0.8267508488964347,0.7576083064804869
8,1e-08,0.32,0.7276058631921825,0.6772521062864549,0.859375,0.7575208408843783,0.8267508488964347,0.7575208408843783
8,1e-08,0.33,0.7292345276872965,0.6811308349769888,0.8519736842105263,0.7570332480818415,0.8267508488964347,0.7570332480818415
8,1e-08,0.34,0.7288273615635179,0.6833333333333333,0.8429276315789473,0.7547864506627394,0.8267508488964347,0.7547864506627394
8,1e-08,0.35000000000000003,0.7312703583061889,0.6880920162381596,0.8363486842105263,0.7550111358574609,0.8267508488964347,0.7550111358574609
8,1e-08,0.36000000000000004,0.7398208469055375,0.6991028295376122,0.8330592105263158,0.7602251407129456,0.8267508488964347,0.7602251407129456
8,1e-08,0.37000000000000005,0.7430781758957655,0.7052631578947368,0.8264802631578947,0.7610753502461189,0.8267508488964347,0.7610753502461189
8,1e-08,0.38000000000000006,0.7438925081433225,0.7088967971530249,0.819078947368421,0.7600152613506295,0.8267508488964347,0.7600152613506295
8,1e-08,0.39000000000000007,0.7471498371335505,0.7141828653707704,0.8157894736842105,0.7616122840690979,0.8267508488964347,0.7616122840690979
8,1e-08,0.4000000000000001,0.7479641693811075,0.7186813186813187,0.8067434210526315,0.760170476559473,0.8267508488964347,0.760170476559473
8,1e-08,0.4100000000000001,0.7512214983713354,0.724907063197026,0.8018092105263158,0.7614213197969544,0.8267508488964347,0.7614213197969544
8,1e-08,0.4200000000000001,0.7504071661237784,0.7278911564625851,0.7919407894736842,0.758566364710516,0.8267508488964347,0.758566364710516
8,1e-08,0.4300000000000001,0.753257328990228,0.7349768875192604,0.7845394736842105,0.7589498806682576,0.8267508488964347,0.7589498806682576
8,1e-08,0.4400000000000001,0.7536644951140065,0.7392325763508223,0.7763157894736842,0.7573204973926995,0.8267508488964347,0.7573204973926995
8,1e-08,0.4500000000000001,0.7528501628664495,0.7426294820717132,0.7664473684210527,0.754350465398624,0.8267508488964347,0.754350465398624
8,1e-08,0.46000000000000013,0.7536644951140065,0.7465698143664246,0.7606907894736842,0.7535641547861508,0.8267508488964347,0.7535641547861508
8,1e-08,0.47000000000000014,0.7536644951140065,0.751440329218107,0.7508223684210527,0.751131221719457,0.8267508488964347,0.751131221719457
8,1e-08,0.48000000000000015,0.754885993485342,0.7571189279731994,0.743421052631579,0.7502074688796682,0.8267508488964347,0.7502074688796682
8,1e-08,0.49000000000000016,0.7536644951140065,0.7608881298035867,0.7327302631578947,0.7465437788018434,0.8267508488964347,0.7465437788018434
8,1e-08,0.5000000000000002,0.755700325732899,0.768760907504363,0.7245065789473685,0.7459779847586792,0.8267508488964347,0.7459779847586792
8,1e-08,0.5100000000000002,0.753257328990228,0.7708703374777975,0.7138157894736842,0.7412467976088813,0.8267508488964347,0.7412467976088813
8,1e-08,0.5200000000000002,0.7520358306188925,0.7741644083107497,0.7047697368421053,0.7378390012914334,0.8267508488964347,0.7378390012914334
8,1e-08,0.5300000000000002,0.7528501628664495,0.7785910338517841,0.6998355263157895,0.7371156344737982,0.8267508488964347,0.7371156344737982
8,1e-08,0.5400000000000003,0.7520358306188925,0.7818012999071495,0.6924342105263158,0.7344090710859137,0.8267508488964347,0.7344090710859137
8,1e-08,0.5500000000000003,0.750814332247557,0.7843691148775894,0.6850328947368421,0.7313432835820896,0.8267508488964347,0.7313432835820896
8,1e-08,0.5600000000000003,0.75,0.7905405405405406,0.6735197368421053,0.7273534635879219,0.8267508488964347,0.7273534635879219
8,1e-08,0.5700000000000003,0.7520358306188925,0.8001978239366964,0.665296052631579,0.7265379434216435,0.8267508488964347,0.7265379434216435
8,1e-08,0.5800000000000003,0.7512214983713354,0.8071065989847716,0.6537828947368421,0.7223989095865516,0.8267508488964347,0.7223989095865516
8,1e-08,0.5900000000000003,0.747557003257329,0.8084886128364389,0.6422697368421053,0.7158570119156737,0.8267508488964347,0.7158570119156737
8,1e-08,0.6000000000000003,0.7471498371335505,0.8128286014721346,0.6356907894736842,0.7134287032764189,0.8267508488964347,0.7134287032764189
8,1e-08,0.6100000000000003,0.7438925081433225,0.8152524167561761,0.6241776315789473,0.7070330693991617,0.8267508488964347,0.7070330693991617
8,1e-08,0.6200000000000003,0.7381921824104235,0.8165745856353591,0.6077302631578947,0.6968411126826969,0.8267508488964347,0.6968411126826969
8,1e-08,0.6300000000000003,0.7381921824104235,0.8215488215488216,0.6019736842105263,0.6948267679164689,0.8267508488964347,0.6948267679164689
8,1e-08,0.6400000000000003,0.7373778501628665,0.8248009101251422,0.5962171052631579,0.6921241050119331,0.8267508488964347,0.6921241050119331
8,1e-08,0.6500000000000004,0.7353420195439739,0.8283062645011601,0.587171052631579,0.687199230028874,0.8267508488964347,0.687199230028874
8,1e-08,0.6600000000000004,0.7345276872964169,0.8333333333333334,0.5797697368421053,0.6838021338506305,0.8267508488964347,0.6838021338506305
8,1e-08,0.6700000000000004,0.7320846905537459,0.8369565217391305,0.5699013157894737,0.6780821917808219,0.8267508488964347,0.6780821917808219
8,1e-08,0.6800000000000004,0.7284201954397395,0.8409937888198757,0.5567434210526315,0.6699653636813458,0.8267508488964347,0.6699653636813458
8,1e-08,0.6900000000000004,0.7219055374592834,0.846553966189857,0.5353618421052632,0.655919395465995,0.8267508488964347,0.655919395465995
8,1e-08,0.7000000000000004,0.7162052117263844,0.8455392809587217,0.522203947368421,0.6456532791052364,0.8267508488964347,0.6456532791052364
8,1e-07,0.3,0.7202768729641694,0.6641837368094351,0.8799342105263158,0.7569862044570216,0.8267508488964347,0.7569862044570216
8,1e-07,0.31,0.7243485342019544,0.6708941027266963,0.8700657894736842,0.7576083064804869,0.8267508488964347,0.7576083064804869
8,1e-07,0.32,0.7276058631921825,0.6772521062864549,0.859375,0.7575208408843783,0.8267508488964347,0.7575208408843783
8,1e-07,0.33,0.7292345276872965,0.6811308349769888,0.8519736842105263,0.7570332480818415,0.8267508488964347,0.7570332480818415
8,1e-07,0.34,0.7288273615635179,0.6833333333333333,0.8429276315789473,0.7547864506627394,0.8267508488964347,0.7547864506627394
8,1e-07,0.35000000000000003,0.7312703583061889,0.6880920162381596,0.8363486842105263,0.7550111358574609,0.8267508488964347,0.7550111358574609
8,1e-07,0.36000000000000004,0.7398208469055375,0.6991028295376122,0.8330592105263158,0.7602251407129456,0.8267508488964347,0.7602251407129456
8,1e-07,0.37000000000000005,0.7430781758957655,0.7052631578947368,0.8264802631578947,0.7610753502461189,0.8267508488964347,0.7610753502461189
8,1e-07,0.38000000000000006,0.7438925081433225,0.7088967971530249,0.819078947368421,0.7600152613506295,0.8267508488964347,0.7600152613506295
8,1e-07,0.39000000000000007,0.7471498371335505,0.7141828653707704,0.8157894736842105,0.7616122840690979,0.8267508488964347,0.7616122840690979
8,1e-07,0.4000000000000001,0.7479641693811075,0.7186813186813187,0.8067434210526315,0.760170476559473,0.8267508488964347,0.760170476559473
8,1e-07,0.4100000000000001,0.7512214983713354,0.724907063197026,0.8018092105263158,0.7614213197969544,0.8267508488964347,0.7614213197969544
8,1e-07,0.4200000000000001,0.7504071661237784,0.7278911564625851,0.7919407894736842,0.758566364710516,0.8267508488964347,0.758566364710516
8,1e-07,0.4300000000000001,0.753257328990228,0.7349768875192604,0.7845394736842105,0.7589498806682576,0.8267508488964347,0.7589498806682576
8,1e-07,0.4400000000000001,0.7536644951140065,0.7392325763508223,0.7763157894736842,0.7573204973926995,0.8267508488964347,0.7573204973926995
8,1e-07,0.4500000000000001,0.7528501628664495,0.7426294820717132,0.7664473684210527,0.754350465398624,0.8267508488964347,0.754350465398624
8,1e-07,0.46000000000000013,0.7536644951140065,0.7465698143664246,0.7606907894736842,0.7535641547861508,0.8267508488964347,0.7535641547861508
8,1e-07,0.47000000000000014,0.7536644951140065,0.751440329218107,0.7508223684210527,0.751131221719457,0.8267508488964347,0.751131221719457
8,1e-07,0.48000000000000015,0.754885993485342,0.7571189279731994,0.743421052631579,0.7502074688796682,0.8267508488964347,0.7502074688796682
8,1e-07,0.49000000000000016,0.7536644951140065,0.7608881298035867,0.7327302631578947,0.7465437788018434,0.8267508488964347,0.7465437788018434
8,1e-07,0.5000000000000002,0.755700325732899,0.768760907504363,0.7245065789473685,0.7459779847586792,0.8267508488964347,0.7459779847586792
8,1e-07,0.5100000000000002,0.753257328990228,0.7708703374777975,0.7138157894736842,0.7412467976088813,0.8267508488964347,0.7412467976088813
8,1e-07,0.5200000000000002,0.7520358306188925,0.7741644083107497,0.7047697368421053,0.7378390012914334,0.8267508488964347,0.7378390012914334
8,1e-07,0.5300000000000002,0.7528501628664495,0.7785910338517841,0.6998355263157895,0.7371156344737982,0.8267508488964347,0.7371156344737982
8,1e-07,0.5400000000000003,0.7520358306188925,0.7818012999071495,0.6924342105263158,0.7344090710859137,0.8267508488964347,0.7344090710859137
8,1e-07,0.5500000000000003,0.750814332247557,0.7843691148775894,0.6850328947368421,0.7313432835820896,0.8267508488964347,0.7313432835820896
8,1e-07,0.5600000000000003,0.75,0.7905405405405406,0.6735197368421053,0.7273534635879219,0.8267508488964347,0.7273534635879219
8,1e-07,0.5700000000000003,0.7520358306188925,0.8001978239366964,0.665296052631579,0.7265379434216435,0.8267508488964347,0.7265379434216435
8,1e-07,0.5800000000000003,0.7512214983713354,0.8071065989847716,0.6537828947368421,0.7223989095865516,0.8267508488964347,0.7223989095865516
8,1e-07,0.5900000000000003,0.747557003257329,0.8084886128364389,0.6422697368421053,0.7158570119156737,0.8267508488964347,0.7158570119156737
8,1e-07,0.6000000000000003,0.7471498371335505,0.8128286014721346,0.6356907894736842,0.7134287032764189,0.8267508488964347,0.7134287032764189
8,1e-07,0.6100000000000003,0.7438925081433225,0.8152524167561761,0.6241776315789473,0.7070330693991617,0.8267508488964347,0.7070330693991617
8,1e-07,0.6200000000000003,0.7381921824104235,0.8165745856353591,0.6077302631578947,0.6968411126826969,0.8267508488964347,0.6968411126826969
8,1e-07,0.6300000000000003,0.7381921824104235,0.8215488215488216,0.6019736842105263,0.6948267679164689,0.8267508488964347,0.6948267679164689
8,1e-07,0.6400000000000003,0.7373778501628665,0.8248009101251422,0.5962171052631579,0.6921241050119331,0.8267508488964347,0.6921241050119331
8,1e-07,0.6500000000000004,0.7353420195439739,0.8283062645011601,0.587171052631579,0.687199230028874,0.8267508488964347,0.687199230028874
8,1e-07,0.6600000000000004,0.7345276872964169,0.8333333333333334,0.5797697368421053,0.6838021338506305,0.8267508488964347,0.6838021338506305
8,1e-07,0.6700000000000004,0.7320846905537459,0.8369565217391305,0.5699013157894737,0.6780821917808219,0.8267508488964347,0.6780821917808219
8,1e-07,0.6800000000000004,0.7284201954397395,0.8409937888198757,0.5567434210526315,0.6699653636813458,0.8267508488964347,0.6699653636813458
8,1e-07,0.6900000000000004,0.7219055374592834,0.846553966189857,0.5353618421052632,0.655919395465995,0.8267508488964347,0.655919395465995
8,1e-07,0.7000000000000004,0.7162052117263844,0.8455392809587217,0.522203947368421,0.6456532791052364,0.8267508488964347,0.6456532791052364
8,1e-06,0.3,0.7202768729641694,0.6641837368094351,0.8799342105263158,0.7569862044570216,0.8267508488964347,0.7569862044570216
8,1e-06,0.31,0.7243485342019544,0.6708941027266963,0.8700657894736842,0.7576083064804869,0.8267508488964347,0.7576083064804869
8,1e-06,0.32,0.7276058631921825,0.6772521062864549,0.859375,0.7575208408843783,0.8267508488964347,0.7575208408843783
8,1e-06,0.33,0.7292345276872965,0.6811308349769888,0.8519736842105263,0.7570332480818415,0.8267508488964347,0.7570332480818415
8,1e-06,0.34,0.7288273615635179,0.6833333333333333,0.8429276315789473,0.7547864506627394,0.8267508488964347,0.7547864506627394
8,1e-06,0.35000000000000003,0.7312703583061889,0.6880920162381596,0.8363486842105263,0.7550111358574609,0.8267508488964347,0.7550111358574609
8,1e-06,0.36000000000000004,0.7398208469055375,0.6991028295376122,0.8330592105263158,0.7602251407129456,0.8267508488964347,0.7602251407129456
8,1e-06,0.37000000000000005,0.7430781758957655,0.7052631578947368,0.8264802631578947,0.7610753502461189,0.8267508488964347,0.7610753502461189
8,1e-06,0.38000000000000006,0.7438925081433225,0.7088967971530249,0.819078947368421,0.7600152613506295,0.8267508488964347,0.7600152613506295
8,1e-06,0.39000000000000007,0.7471498371335505,0.7141828653707704,0.8157894736842105,0.7616122840690979,0.8267508488964347,0.7616122840690979
8,1e-06,0.4000000000000001,0.7479641693811075,0.7186813186813187,0.8067434210526315,0.760170476559473,0.8267508488964347,0.760170476559473
8,1e-06,0.4100000000000001,0.7512214983713354,0.724907063197026,0.8018092105263158,0.7614213197969544,0.8267508488964347,0.7614213197969544
8,1e-06,0.4200000000000001,0.7504071661237784,0.7278911564625851,0.7919407894736842,0.758566364710516,0.8267508488964347,0.758566364710516
8,1e-06,0.4300000000000001,0.753257328990228,0.7349768875192604,0.7845394736842105,0.7589498806682576,0.8267508488964347,0.7589498806682576
8,1e-06,0.4400000000000001,0.7536644951140065,0.7392325763508223,0.7763157894736842,0.7573204973926995,0.8267508488964347,0.7573204973926995
8,1e-06,0.4500000000000001,0.7528501628664495,0.7426294820717132,0.7664473684210527,0.754350465398624,0.8267508488964347,0.754350465398624
8,1e-06,0.46000000000000013,0.7536644951140065,0.7465698143664246,0.7606907894736842,0.7535641547861508,0.8267508488964347,0.7535641547861508
8,1e-06,0.47000000000000014,0.7536644951140065,0.751440329218107,0.7508223684210527,0.751131221719457,0.8267508488964347,0.751131221719457
8,1e-06,0.48000000000000015,0.754885993485342,0.7571189279731994,0.743421052631579,0.7502074688796682,0.8267508488964347,0.7502074688796682
8,1e-06,0.49000000000000016,0.7536644951140065,0.7608881298035867,0.7327302631578947,0.7465437788018434,0.8267508488964347,0.7465437788018434
8,1e-06,0.5000000000000002,0.755700325732899,0.768760907504363,0.7245065789473685,0.7459779847586792,0.8267508488964347,0.7459779847586792
8,1e-06,0.5100000000000002,0.753257328990228,0.7708703374777975,0.7138157894736842,0.7412467976088813,0.8267508488964347,0.7412467976088813
8,1e-06,0.5200000000000002,0.7520358306188925,0.7741644083107497,0.7047697368421053,0.7378390012914334,0.8267508488964347,0.7378390012914334
8,1e-06,0.5300000000000002,0.7528501628664495,0.7785910338517841,0.6998355263157895,0.7371156344737982,0.8267508488964347,0.7371156344737982
8,1e-06,0.5400000000000003,0.7520358306188925,0.7818012999071495,0.6924342105263158,0.7344090710859137,0.8267508488964347,0.7344090710859137
8,1e-06,0.5500000000000003,0.750814332247557,0.7843691148775894,0.6850328947368421,0.7313432835820896,0.8267508488964347,0.7313432835820896
8,1e-06,0.5600000000000003,0.75,0.7905405405405406,0.6735197368421053,0.7273534635879219,0.8267508488964347,0.7273534635879219
8,1e-06,0.5700000000000003,0.7520358306188925,0.8001978239366964,0.665296052631579,0.7265379434216435,0.8267508488964347,0.7265379434216435
8,1e-06,0.5800000000000003,0.7512214983713354,0.8071065989847716,0.6537828947368421,0.7223989095865516,0.8267508488964347,0.7223989095865516
8,1e-06,0.5900000000000003,0.747557003257329,0.8084886128364389,0.6422697368421053,0.7158570119156737,0.8267508488964347,0.7158570119156737
8,1e-06,0.6000000000000003,0.7471498371335505,0.8128286014721346,0.6356907894736842,0.7134287032764189,0.8267508488964347,0.7134287032764189
8,1e-06,0.6100000000000003,0.7438925081433225,0.8152524167561761,0.6241776315789473,0.7070330693991617,0.8267508488964347,0.7070330693991617
8,1e-06,0.6200000000000003,0.7381921824104235,0.8165745856353591,0.6077302631578947,0.6968411126826969,0.8267508488964347,0.6968411126826969
8,1e-06,0.6300000000000003,0.7381921824104235,0.8215488215488216,0.6019736842105263,0.6948267679164689,0.8267508488964347,0.6948267679164689
8,1e-06,0.6400000000000003,0.7373778501628665,0.8248009101251422,0.5962171052631579,0.6921241050119331,0.8267508488964347,0.6921241050119331
8,1e-06,0.6500000000000004,0.7353420195439739,0.8283062645011601,0.587171052631579,0.687199230028874,0.8267508488964347,0.687199230028874
8,1e-06,0.6600000000000004,0.7345276872964169,0.8333333333333334,0.5797697368421053,0.6838021338506305,0.8267508488964347,0.6838021338506305
8,1e-06,0.6700000000000004,0.7320846905537459,0.8369565217391305,0.5699013157894737,0.6780821917808219,0.8267508488964347,0.6780821917808219
8,1e-06,0.6800000000000004,0.7284201954397395,0.8409937888198757,0.5567434210526315,0.6699653636813458,0.8267508488964347,0.6699653636813458
8,1e-06,0.6900000000000004,0.7219055374592834,0.846553966189857,0.5353618421052632,0.655919395465995,0.8267508488964347,0.655919395465995
8,1e-06,0.7000000000000004,0.7162052117263844,0.8455392809587217,0.522203947368421,0.6456532791052364,0.8267508488964347,0.6456532791052364
8,1e-05,0.3,0.7202768729641694,0.6641837368094351,0.8799342105263158,0.7569862044570216,0.8267508488964347,0.7569862044570216
8,1e-05,0.31,0.7243485342019544,0.6708941027266963,0.8700657894736842,0.7576083064804869,0.8267508488964347,0.7576083064804869
8,1e-05,0.32,0.7276058631921825,0.6772521062864549,0.859375,0.7575208408843783,0.8267508488964347,0.7575208408843783
8,1e-05,0.33,0.7292345276872965,0.6811308349769888,0.8519736842105263,0.7570332480818415,0.8267508488964347,0.7570332480818415
8,1e-05,0.34,0.7288273615635179,0.6833333333333333,0.8429276315789473,0.7547864506627394,0.8267508488964347,0.7547864506627394
8,1e-05,0.35000000000000003,0.7312703583061889,0.6880920162381596,0.8363486842105263,0.7550111358574609,0.8267508488964347,0.7550111358574609
8,1e-05,0.36000000000000004,0.7398208469055375,0.6991028295376122,0.8330592105263158,0.7602251407129456,0.8267508488964347,0.7602251407129456
8,1e-05,0.37000000000000005,0.7430781758957655,0.7052631578947368,0.8264802631578947,0.7610753502461189,0.8267508488964347,0.7610753502461189
8,1e-05,0.38000000000000006,0.7438925081433225,0.7088967971530249,0.819078947368421,0.7600152613506295,0.8267508488964347,0.7600152613506295
8,1e-05,0.39000000000000007,0.7471498371335505,0.7141828653707704,0.8157894736842105,0.7616122840690979,0.8267508488964347,0.7616122840690979
8,1e-05,0.4000000000000001,0.7479641693811075,0.7186813186813187,0.8067434210526315,0.760170476559473,0.8267508488964347,0.760170476559473
8,1e-05,0.4100000000000001,0.7512214983713354,0.724907063197026,0.8018092105263158,0.7614213197969544,0.8267508488964347,0.7614213197969544
8,1e-05,0.4200000000000001,0.7504071661237784,0.7278911564625851,0.7919407894736842,0.758566364710516,0.8267508488964347,0.758566364710516
8,1e-05,0.4300000000000001,0.753257328990228,0.7349768875192604,0.7845394736842105,0.7589498806682576,0.8267508488964347,0.7589498806682576
8,1e-05,0.4400000000000001,0.7536644951140065,0.7392325763508223,0.7763157894736842,0.7573204973926995,0.8267508488964347,0.7573204973926995
8,1e-05,0.4500000000000001,0.7528501628664495,0.7426294820717132,0.7664473684210527,0.754350465398624,0.8267508488964347,0.754350465398624
8,1e-05,0.46000000000000013,0.7536644951140065,0.7465698143664246,0.7606907894736842,0.7535641547861508,0.8267508488964347,0.7535641547861508
8,1e-05,0.47000000000000014,0.7536644951140065,0.751440329218107,0.7508223684210527,0.751131221719457,0.8267508488964347,0.751131221719457
8,1e-05,0.48000000000000015,0.754885993485342,0.7571189279731994,0.743421052631579,0.7502074688796682,0.8267508488964347,0.7502074688796682
8,1e-05,0.49000000000000016,0.7536644951140065,0.7608881298035867,0.7327302631578947,0.7465437788018434,0.8267508488964347,0.7465437788018434
8,1e-05,0.5000000000000002,0.755700325732899,0.768760907504363,0.7245065789473685,0.7459779847586792,0.8267508488964347,0.7459779847586792
8,1e-05,0.5100000000000002,0.753257328990228,0.7708703374777975,0.7138157894736842,0.7412467976088813,0.8267508488964347,0.7412467976088813
8,1e-05,0.5200000000000002,0.7520358306188925,0.7741644083107497,0.7047697368421053,0.7378390012914334,0.8267508488964347,0.7378390012914334
8,1e-05,0.5300000000000002,0.7528501628664495,0.7785910338517841,0.6998355263157895,0.7371156344737982,0.8267508488964347,0.7371156344737982
8,1e-05,0.5400000000000003,0.7520358306188925,0.7818012999071495,0.6924342105263158,0.7344090710859137,0.8267508488964347,0.7344090710859137
8,1e-05,0.5500000000000003,0.750814332247557,0.7843691148775894,0.6850328947368421,0.7313432835820896,0.8267508488964347,0.7313432835820896
8,1e-05,0.5600000000000003,0.75,0.7905405405405406,0.6735197368421053,0.7273534635879219,0.8267508488964347,0.7273534635879219
8,1e-05,0.5700000000000003,0.7520358306188925,0.8001978239366964,0.665296052631579,0.7265379434216435,0.8267508488964347,0.7265379434216435
8,1e-05,0.5800000000000003,0.7512214983713354,0.8071065989847716,0.6537828947368421,0.7223989095865516,0.8267508488964347,0.7223989095865516
8,1e-05,0.5900000000000003,0.747557003257329,0.8084886128364389,0.6422697368421053,0.7158570119156737,0.8267508488964347,0.7158570119156737
8,1e-05,0.6000000000000003,0.7471498371335505,0.8128286014721346,0.6356907894736842,0.7134287032764189,0.8267508488964347,0.7134287032764189
8,1e-05,0.6100000000000003,0.7438925081433225,0.8152524167561761,0.6241776315789473,0.7070330693991617,0.8267508488964347,0.7070330693991617
8,1e-05,0.6200000000000003,0.7381921824104235,0.8165745856353591,0.6077302631578947,0.6968411126826969,0.8267508488964347,0.6968411126826969
8,1e-05,0.6300000000000003,0.7381921824104235,0.8215488215488216,0.6019736842105263,0.6948267679164689,0.8267508488964347,0.6948267679164689
8,1e-05,0.6400000000000003,0.7373778501628665,0.8248009101251422,0.5962171052631579,0.6921241050119331,0.8267508488964347,0.6921241050119331
8,1e-05,0.6500000000000004,0.7353420195439739,0.8283062645011601,0.587171052631579,0.687199230028874,0.8267508488964347,0.687199230028874
8,1e-05,0.6600000000000004,0.7345276872964169,0.8333333333333334,0.5797697368421053,0.6838021338506305,0.8267508488964347,0.6838021338506305
8,1e-05,0.6700000000000004,0.7320846905537459,0.8369565217391305,0.5699013157894737,0.6780821917808219,0.8267508488964347,0.6780821917808219
8,1e-05,0.6800000000000004,0.7284201954397395,0.8409937888198757,0.5567434210526315,0.6699653636813458,0.8267508488964347,0.6699653636813458
8,1e-05,0.6900000000000004,0.7219055374592834,0.846553966189857,0.5353618421052632,0.655919395465995,0.8267508488964347,0.655919395465995
8,1e-05,0.7000000000000004,0.7162052117263844,0.8455392809587217,0.522203947368421,0.6456532791052364,0.8267508488964347,0.6456532791052364
9,1e-12,0.3,0.7190553745928339,0.6629491945477075,0.8799342105263158,0.7561837455830388,0.827247585950764,0.7561837455830388
9,1e-12,0.31,0.7235342019543974,0.6696146557169931,0.8717105263157895,0.7574133619149697,0.827247585950764,0.7574133619149697
9,1e-12,0.32,0.7251628664495114,0.6748545572074984,0.8585526315789473,0.755700325732899,0.827247585950764,0.755700325732899
9,1e-12,0.33,0.7271986970684039,0.6793692509855453,0.850328947368421,0.7552958363769176,0.827247585950764,0.7552958363769176
9,1e-12,0.34,0.7320846905537459,0.6862483311081442,0.8453947368421053,0.7575534266764923,0.827247585950764,0.7575534266764923
9,1e-12,0.35000000000000003,0.7324918566775245,0.6884693189480782,0.8396381578947368,0.7565765098184514,0.827247585950764,0.7565765098184514
9,1e-12,0.36000000000000004,0.7365635179153095,0.6955326460481099,0.8322368421052632,0.7577686259827779,0.827247585950764,0.7577686259827779
9,1e-12,0.37000000000000005,0.744299674267101,0.7055944055944056,0.8297697368421053,0.7626606198034769,0.827247585950764,0.7626606198034769
9,1e-12,0.38000000000000006,0.746742671009772,0.7109375,0.8231907894736842,0.7629573170731708,0.827247585950764,0.7629573170731708
9,1e-12,0.39000000000000007,0.748371335504886,0.7144906743185079,0.819078947368421,0.7632183908045976,0.827247585950764,0.7632183908045976
9,1e-12,0.4000000000000001,0.752442996742671,0.7225475841874085,0.8116776315789473,0.7645236250968241,0.827247585950764,0.7645236250968241
9,1e-12,0.4100000000000001,0.751628664495114,0.7254464285714286,0.8018092105263158,0.7617187500000001,0.827247585950764,0.7617187500000001
9,1e-12,0.4200000000000001,0.752442996742671,0.729607250755287,0.7944078947368421,0.7606299212598425,0.827247585950764,0.7606299212598425
9,1e-12,0.4300000000000001,0.752442996742671,0.7338461538461538,0.7845394736842105,0.7583465818759935,0.827247585950764,0.7583465818759935
9,1e-12,0.4400000000000001,0.754071661237785,0.7390625,0.7779605263157895,0.7580128205128204,0.827247585950764,0.7580128205128204
9,1e-12,0.4500000000000001,0.7552931596091205,0.744241461477363,0.7705592105263158,0.7571717171717172,0.827247585950764,0.7571717171717172
9,1e-12,0.46000000000000013,0.7528501628664495,0.7441860465116279,0.7631578947368421,0.7535525781567195,0.827247585950764,0.7535525781567195
9,1e-12,0.47000000000000014,0.753257328990228,0.7487765089722676,0.7549342105263158,0.7518427518427518,0.827247585950764,0.7518427518427518
9,1e-12,0.48000000000000015,0.754885993485342,0.7562604340567612,0.7450657894736842,0.7506213753106876,0.827247585950764,0.7506213753106876
9,1e-12,0.49000000000000016,0.754885993485342,0.7606112054329371,0.7368421052631579,0.7485380116959063,0.827247585950764,0.7485380116959063
9,1e-12,0.5000000000000002,0.7552931596091205,0.7671589921807124,0.7261513157894737,0.7460920997042669,0.827247585950764,0.7460920997042669
9,1e-12,0.5100000000000002,0.7561074918566775,0.7732506643046945,0.7179276315789473,0.7445628997867804,0.827247585950764,0.7445628997867804
9,1e-12,0.5200000000000002,0.754071661237785,0.7766726943942134,0.7064144736842105,0.7398794142980188,0.827247585950764,0.7398794142980188
9,1e-12,0.5300000000000002,0.7520358306188925,0.777676120768527,0.6990131578947368,0.7362494586401038,0.827247585950764,0.7362494586401038
9,1e-12,0.5400000000000003,0.755700325732899,0.7862453531598513,0.6957236842105263,0.7382198952879581,0.827247585950764,0.7382198952879581
9,1e-12,0.5500000000000003,0.7536644951140065,0.7879359095193214,0.6875,0.7342995169082126,0.827247585950764,0.7342995169082126
9,1e-12,0.5600000000000003,0.7504071661237784,0.7901828681424446,0.6751644736842105,0.7281596452328161,0.827247585950764,0.7281596452328161
9,1e-12,0.5700000000000003,0.751628664495114,0.7982283464566929,0.6669407894736842,0.7267025089605735,0.827247585950764,0.7267025089605735
9,1e-12,0.5800000000000003,0.752442996742671,0.807070707070707,0.6570723684210527,0.7243880326382592,0.827247585950764,0.7243880326382592
9,1e-12,0.5900000000000003,0.753257328990228,0.8137860082304527,0.6504934210526315,0.7230347349177332,0.827247585950764,0.7230347349177332
9,1e-12,0.6000000000000003,0.748371335504886,0.8160676532769556,0.6348684210526315,0.7141535615171137,0.827247585950764,0.7141535615171137
9,1e-12,0.6100000000000003,0.746742671009772,0.8186695278969958,0.6274671052631579,0.7104283054003725,0.827247585950764,0.7104283054003725
9,1e-12,0.6200000000000003,0.7414495114006515,0.8181818181818182,0.6143092105263158,0.7017379051197746,0.827247585950764,0.7017379051197746
9,1e-12,0.6300000000000003,0.7365635179153095,0.8185890257558791,0.6011513157894737,0.6932195353247984,0.827247585950764,0.6932195353247984
9,1e-12,0.6400000000000003,0.7361563517915309,0.8234624145785877,0.5945723684210527,0.6905444126074499,0.827247585950764,0.6905444126074499
9,1e-12,0.6500000000000004,0.7341205211726385,0.8284714119019837,0.5838815789473685,0.6849975880366619,0.827247585950764,0.6849975880366619
9,1e-12,0.6600000000000004,0.7320846905537459,0.8321428571428572,0.5748355263157895,0.6799610894941635,0.827247585950764,0.6799610894941635
9,1e-12,0.6700000000000004,0.7312703583061889,0.8415233415233415,0.5633223684210527,0.6748768472906403,0.827247585950764,0.6748768472906403
9,1e-12,0.6800000000000004,0.7267915309446255,0.8410513141426783,0.5526315789473685,0.6669975186104218,0.827247585950764,0.6669975186104218
9,1e-12,0.6900000000000004,0.7235342019543974,0.8455598455598455,0.540296052631579,0.6593075765178122,0.827247585950764,0.6593075765178122
9,1e-12,0.7000000000000004,0.7162052117263844,0.8455392809587217,0.522203947368421,0.6456532791052364,0.827247585950764,0.6456532791052364
9,1e-10,0.3,0.7190553745928339,0.6629491945477075,0.8799342105263158,0.7561837455830388,0.827247585950764,0.7561837455830388
9,1e-10,0.31,0.7235342019543974,0.6696146557169931,0.8717105263157895,0.7574133619149697,0.827247585950764,0.7574133619149697
9,1e-10,0.32,0.7251628664495114,0.6748545572074984,0.8585526315789473,0.755700325732899,0.827247585950764,0.755700325732899
9,1e-10,0.33,0.7271986970684039,0.6793692509855453,0.850328947368421,0.7552958363769176,0.827247585950764,0.7552958363769176
9,1e-10,0.34,0.7320846905537459,0.6862483311081442,0.8453947368421053,0.7575534266764923,0.827247585950764,0.7575534266764923
9,1e-10,0.35000000000000003,0.7324918566775245,0.6884693189480782,0.8396381578947368,0.7565765098184514,0.827247585950764,0.7565765098184514
9,1e-10,0.36000000000000004,0.7365635179153095,0.6955326460481099,0.8322368421052632,0.7577686259827779,0.827247585950764,0.7577686259827779
9,1e-10,0.37000000000000005,0.744299674267101,0.7055944055944056,0.8297697368421053,0.7626606198034769,0.827247585950764,0.7626606198034769
9,1e-10,0.38000000000000006,0.746742671009772,0.7109375,0.8231907894736842,0.7629573170731708,0.827247585950764,0.7629573170731708
9,1e-10,0.39000000000000007,0.748371335504886,0.7144906743185079,0.819078947368421,0.7632183908045976,0.827247585950764,0.7632183908045976
9,1e-10,0.4000000000000001,0.752442996742671,0.7225475841874085,0.8116776315789473,0.7645236250968241,0.827247585950764,0.7645236250968241
9,1e-10,0.4100000000000001,0.751628664495114,0.7254464285714286,0.8018092105263158,0.7617187500000001,0.827247585950764,0.7617187500000001
9,1e-10,0.4200000000000001,0.752442996742671,0.729607250755287,0.7944078947368421,0.7606299212598425,0.827247585950764,0.7606299212598425
9,1e-10,0.4300000000000001,0.752442996742671,0.7338461538461538,0.7845394736842105,0.7583465818759935,0.827247585950764,0.7583465818759935
9,1e-10,0.4400000000000001,0.754071661237785,0.7390625,0.7779605263157895,0.7580128205128204,0.827247585950764,0.7580128205128204
9,1e-10,0.4500000000000001,0.7552931596091205,0.744241461477363,0.7705592105263158,0.7571717171717172,0.827247585950764,0.7571717171717172
9,1e-10,0.46000000000000013,0.7528501628664495,0.7441860465116279,0.7631578947368421,0.7535525781567195,0.827247585950764,0.7535525781567195
9,1e-10,0.47000000000000014,0.753257328990228,0.7487765089722676,0.7549342105263158,0.7518427518427518,0.827247585950764,0.7518427518427518
9,1e-10,0.48000000000000015,0.754885993485342,0.7562604340567612,0.7450657894736842,0.7506213753106876,0.827247585950764,0.7506213753106876
9,1e-10,0.49000000000000016,0.754885993485342,0.7606112054329371,0.7368421052631579,0.7485380116959063,0.827247585950764,0.7485380116959063
9,1e-10,0.5000000000000002,0.7552931596091205,0.7671589921807124,0.7261513157894737,0.7460920997042669,0.827247585950764,0.7460920997042669
9,1e-10,0.5100000000000002,0.7561074918566775,0.7732506643046945,0.7179276315789473,0.7445628997867804,0.827247585950764,0.7445628997867804
9,1e-10,0.5200000000000002,0.754071661237785,0.7766726943942134,0.7064144736842105,0.7398794142980188,0.827247585950764,0.7398794142980188
9,1e-10,0.5300000000000002,0.7520358306188925,0.777676120768527,0.6990131578947368,0.7362494586401038,0.827247585950764,0.7362494586401038
9,1e-10,0.5400000000000003,0.755700325732899,0.7862453531598513,0.6957236842105263,0.7382198952879581,0.827247585950764,0.7382198952879581
9,1e-10,0.5500000000000003,0.7536644951140065,0.7879359095193214,0.6875,0.7342995169082126,0.827247585950764,0.7342995169082126
9,1e-10,0.5600000000000003,0.7504071661237784,0.7901828681424446,0.6751644736842105,0.7281596452328161,0.827247585950764,0.7281596452328161
9,1e-10,0.5700000000000003,0.751628664495114,0.7982283464566929,0.6669407894736842,0.7267025089605735,0.827247585950764,0.7267025089605735
9,1e-10,0.5800000000000003,0.752442996742671,0.807070707070707,0.6570723684210527,0.7243880326382592,0.827247585950764,0.7243880326382592
9,1e-10,0.5900000000000003,0.753257328990228,0.8137860082304527,0.6504934210526315,0.7230347349177332,0.827247585950764,0.7230347349177332
9,1e-10,0.6000000000000003,0.748371335504886,0.8160676532769556,0.6348684210526315,0.7141535615171137,0.827247585950764,0.7141535615171137
9,1e-10,0.6100000000000003,0.746742671009772,0.8186695278969958,0.6274671052631579,0.7104283054003725,0.827247585950764,0.7104283054003725
9,1e-10,0.6200000000000003,0.7414495114006515,0.8181818181818182,0.6143092105263158,0.7017379051197746,0.827247585950764,0.7017379051197746
9,1e-10,0.6300000000000003,0.7365635179153095,0.8185890257558791,0.6011513157894737,0.6932195353247984,0.827247585950764,0.6932195353247984
9,1e-10,0.6400000000000003,0.7361563517915309,0.8234624145785877,0.5945723684210527,0.6905444126074499,0.827247585950764,0.6905444126074499
9,1e-10,0.6500000000000004,0.7341205211726385,0.8284714119019837,0.5838815789473685,0.6849975880366619,0.827247585950764,0.6849975880366619
9,1e-10,0.6600000000000004,0.7320846905537459,0.8321428571428572,0.5748355263157895,0.6799610894941635,0.827247585950764,0.6799610894941635
9,1e-10,0.6700000000000004,0.7312703583061889,0.8415233415233415,0.5633223684210527,0.6748768472906403,0.827247585950764,0.6748768472906403
9,1e-10,0.6800000000000004,0.7267915309446255,0.8410513141426783,0.5526315789473685,0.6669975186104218,0.827247585950764,0.6669975186104218
9,1e-10,0.6900000000000004,0.7235342019543974,0.8455598455598455,0.540296052631579,0.6593075765178122,0.827247585950764,0.6593075765178122
9,1e-10,0.7000000000000004,0.7162052117263844,0.8455392809587217,0.522203947368421,0.6456532791052364,0.827247585950764,0.6456532791052364
9,1e-09,0.3,0.7190553745928339,0.6629491945477075,0.8799342105263158,0.7561837455830388,0.827247585950764,0.7561837455830388
9,1e-09,0.31,0.7235342019543974,0.6696146557169931,0.8717105263157895,0.7574133619149697,0.827247585950764,0.7574133619149697
9,1e-09,0.32,0.7251628664495114,0.6748545572074984,0.8585526315789473,0.755700325732899,0.827247585950764,0.755700325732899
9,1e-09,0.33,0.7271986970684039,0.6793692509855453,0.850328947368421,0.7552958363769176,0.827247585950764,0.7552958363769176
9,1e-09,0.34,0.7320846905537459,0.6862483311081442,0.8453947368421053,0.7575534266764923,0.827247585950764,0.7575534266764923
9,1e-09,0.35000000000000003,0.7324918566775245,0.6884693189480782,0.8396381578947368,0.7565765098184514,0.827247585950764,0.7565765098184514
9,1e-09,0.36000000000000004,0.7365635179153095,0.6955326460481099,0.8322368421052632,0.7577686259827779,0.827247585950764,0.7577686259827779
9,1e-09,0.37000000000000005,0.744299674267101,0.7055944055944056,0.8297697368421053,0.7626606198034769,0.827247585950764,0.7626606198034769
9,1e-09,0.38000000000000006,0.746742671009772,0.7109375,0.8231907894736842,0.7629573170731708,0.827247585950764,0.7629573170731708
9,1e-09,0.39000000000000007,0.748371335504886,0.7144906743185079,0.819078947368421,0.7632183908045976,0.827247585950764,0.7632183908045976
9,1e-09,0.4000000000000001,0.752442996742671,0.7225475841874085,0.8116776315789473,0.7645236250968241,0.827247585950764,0.7645236250968241
9,1e-09,0.4100000000000001,0.751628664495114,0.7254464285714286,0.8018092105263158,0.7617187500000001,0.827247585950764,0.7617187500000001
9,1e-09,0.4200000000000001,0.752442996742671,0.729607250755287,0.7944078947368421,0.7606299212598425,0.827247585950764,0.7606299212598425
9,1e-09,0.4300000000000001,0.752442996742671,0.7338461538461538,0.7845394736842105,0.7583465818759935,0.827247585950764,0.7583465818759935
9,1e-09,0.4400000000000001,0.754071661237785,0.7390625,0.7779605263157895,0.7580128205128204,0.827247585950764,0.7580128205128204
9,1e-09,0.4500000000000001,0.7552931596091205,0.744241461477363,0.7705592105263158,0.7571717171717172,0.827247585950764,0.7571717171717172
9,1e-09,0.46000000000000013,0.7528501628664495,0.7441860465116279,0.7631578947368421,0.7535525781567195,0.827247585950764,0.7535525781567195
9,1e-09,0.47000000000000014,0.753257328990228,0.7487765089722676,0.7549342105263158,0.7518427518427518,0.827247585950764,0.7518427518427518
9,1e-09,0.48000000000000015,0.754885993485342,0.7562604340567612,0.7450657894736842,0.7506213753106876,0.827247585950764,0.7506213753106876
9,1e-09,0.49000000000000016,0.754885993485342,0.7606112054329371,0.7368421052631579,0.7485380116959063,0.827247585950764,0.7485380116959063
9,1e-09,0.5000000000000002,0.7552931596091205,0.7671589921807124,0.7261513157894737,0.7460920997042669,0.827247585950764,0.7460920997042669
9,1e-09,0.5100000000000002,0.7561074918566775,0.7732506643046945,0.7179276315789473,0.7445628997867804,0.827247585950764,0.7445628997867804
9,1e-09,0.5200000000000002,0.754071661237785,0.7766726943942134,0.7064144736842105,0.7398794142980188,0.827247585950764,0.7398794142980188
9,1e-09,0.5300000000000002,0.7520358306188925,0.777676120768527,0.6990131578947368,0.7362494586401038,0.827247585950764,0.7362494586401038
9,1e-09,0.5400000000000003,0.755700325732899,0.7862453531598513,0.6957236842105263,0.7382198952879581,0.827247585950764,0.7382198952879581
9,1e-09,0.5500000000000003,0.7536644951140065,0.7879359095193214,0.6875,0.7342995169082126,0.827247585950764,0.7342995169082126
9,1e-09,0.5600000000000003,0.7504071661237784,0.7901828681424446,0.6751644736842105,0.7281596452328161,0.827247585950764,0.7281596452328161
9,1e-09,0.5700000000000003,0.751628664495114,0.7982283464566929,0.6669407894736842,0.7267025089605735,0.827247585950764,0.7267025089605735
9,1e-09,0.5800000000000003,0.752442996742671,0.807070707070707,0.6570723684210527,0.7243880326382592,0.827247585950764,0.7243880326382592
9,1e-09,0.5900000000000003,0.753257328990228,0.8137860082304527,0.6504934210526315,0.7230347349177332,0.827247585950764,0.7230347349177332
9,1e-09,0.6000000000000003,0.748371335504886,0.8160676532769556,0.6348684210526315,0.7141535615171137,0.827247585950764,0.7141535615171137
9,1e-09,0.6100000000000003,0.746742671009772,0.8186695278969958,0.6274671052631579,0.7104283054003725,0.827247585950764,0.7104283054003725
9,1e-09,0.6200000000000003,0.7414495114006515,0.8181818181818182,0.6143092105263158,0.7017379051197746,0.827247585950764,0.7017379051197746
9,1e-09,0.6300000000000003,0.7365635179153095,0.8185890257558791,0.6011513157894737,0.6932195353247984,0.827247585950764,0.6932195353247984
9,1e-09,0.6400000000000003,0.7361563517915309,0.8234624145785877,0.5945723684210527,0.6905444126074499,0.827247585950764,0.6905444126074499
9,1e-09,0.6500000000000004,0.7341205211726385,0.8284714119019837,0.5838815789473685,0.6849975880366619,0.827247585950764,0.6849975880366619
9,1e-09,0.6600000000000004,0.7320846905537459,0.8321428571428572,0.5748355263157895,0.6799610894941635,0.827247585950764,0.6799610894941635
9,1e-09,0.6700000000000004,0.7312703583061889,0.8415233415233415,0.5633223684210527,0.6748768472906403,0.827247585950764,0.6748768472906403
9,1e-09,0.6800000000000004,0.7267915309446255,0.8410513141426783,0.5526315789473685,0.6669975186104218,0.827247585950764,0.6669975186104218
9,1e-09,0.6900000000000004,0.7235342019543974,0.8455598455598455,0.540296052631579,0.6593075765178122,0.827247585950764,0.6593075765178122
9,1e-09,0.7000000000000004,0.7162052117263844,0.8455392809587217,0.522203947368421,0.6456532791052364,0.827247585950764,0.6456532791052364
9,1e-08,0.3,0.7190553745928339,0.6629491945477075,0.8799342105263158,0.7561837455830388,0.827247585950764,0.7561837455830388
9,1e-08,0.31,0.7235342019543974,0.6696146557169931,0.8717105263157895,0.7574133619149697,0.827247585950764,0.7574133619149697
9,1e-08,0.32,0.7251628664495114,0.6748545572074984,0.8585526315789473,0.755700325732899,0.827247585950764,0.755700325732899
9,1e-08,0.33,0.7271986970684039,0.6793692509855453,0.850328947368421,0.7552958363769176,0.827247585950764,0.7552958363769176
9,1e-08,0.34,0.7320846905537459,0.6862483311081442,0.8453947368421053,0.7575534266764923,0.827247585950764,0.7575534266764923
9,1e-08,0.35000000000000003,0.7324918566775245,0.6884693189480782,0.8396381578947368,0.7565765098184514,0.827247585950764,0.7565765098184514
9,1e-08,0.36000000000000004,0.7365635179153095,0.6955326460481099,0.8322368421052632,0.7577686259827779,0.827247585950764,0.7577686259827779
9,1e-08,0.37000000000000005,0.744299674267101,0.7055944055944056,0.8297697368421053,0.7626606198034769,0.827247585950764,0.7626606198034769
9,1e-08,0.38000000000000006,0.746742671009772,0.7109375,0.8231907894736842,0.7629573170731708,0.827247585950764,0.7629573170731708
9,1e-08,0.39000000000000007,0.748371335504886,0.7144906743185079,0.819078947368421,0.7632183908045976,0.827247585950764,0.7632183908045976
9,1e-08,0.4000000000000001,0.752442996742671,0.7225475841874085,0.8116776315789473,0.7645236250968241,0.827247585950764,0.7645236250968241
9,1e-08,0.4100000000000001,0.751628664495114,0.7254464285714286,0.8018092105263158,0.7617187500000001,0.827247585950764,0.7617187500000001
9,1e-08,0.4200000000000001,0.752442996742671,0.729607250755287,0.7944078947368421,0.7606299212598425,0.827247585950764,0.7606299212598425
9,1e-08,0.4300000000000001,0.752442996742671,0.7338461538461538,0.7845394736842105,0.7583465818759935,0.827247585950764,0.7583465818759935
9,1e-08,0.4400000000000001,0.754071661237785,0.7390625,0.7779605263157895,0.7580128205128204,0.827247585950764,0.7580128205128204
9,1e-08,0.4500000000000001,0.7552931596091205,0.744241461477363,0.7705592105263158,0.7571717171717172,0.827247585950764,0.7571717171717172
9,1e-08,0.46000000000000013,0.7528501628664495,0.7441860465116279,0.7631578947368421,0.7535525781567195,0.827247585950764,0.7535525781567195
9,1e-08,0.47000000000000014,0.753257328990228,0.7487765089722676,0.7549342105263158,0.7518427518427518,0.827247585950764,0.7518427518427518
9,1e-08,0.48000000000000015,0.754885993485342,0.7562604340567612,0.7450657894736842,0.7506213753106876,0.827247585950764,0.7506213753106876
9,1e-08,0.49000000000000016,0.754885993485342,0.7606112054329371,0.7368421052631579,0.7485380116959063,0.827247585950764,0.7485380116959063
9,1e-08,0.5000000000000002,0.7552931596091205,0.7671589921807124,0.7261513157894737,0.7460920997042669,0.827247585950764,0.7460920997042669
9,1e-08,0.5100000000000002,0.7561074918566775,0.7732506643046945,0.7179276315789473,0.7445628997867804,0.827247585950764,0.7445628997867804
9,1e-08,0.5200000000000002,0.754071661237785,0.7766726943942134,0.7064144736842105,0.7398794142980188,0.827247585950764,0.7398794142980188
9,1e-08,0.5300000000000002,0.7520358306188925,0.777676120768527,0.6990131578947368,0.7362494586401038,0.827247585950764,0.7362494586401038
9,1e-08,0.5400000000000003,0.755700325732899,0.7862453531598513,0.6957236842105263,0.7382198952879581,0.827247585950764,0.7382198952879581
9,1e-08,0.5500000000000003,0.7536644951140065,0.7879359095193214,0.6875,0.7342995169082126,0.827247585950764,0.7342995169082126
9,1e-08,0.5600000000000003,0.7504071661237784,0.7901828681424446,0.6751644736842105,0.7281596452328161,0.827247585950764,0.7281596452328161
9,1e-08,0.5700000000000003,0.751628664495114,0.7982283464566929,0.6669407894736842,0.7267025089605735,0.827247585950764,0.7267025089605735
9,1e-08,0.5800000000000003,0.752442996742671,0.807070707070707,0.6570723684210527,0.7243880326382592,0.827247585950764,0.7243880326382592
9,1e-08,0.5900000000000003,0.753257328990228,0.8137860082304527,0.6504934210526315,0.7230347349177332,0.827247585950764,0.7230347349177332
9,1e-08,0.6000000000000003,0.748371335504886,0.8160676532769556,0.6348684210526315,0.7141535615171137,0.827247585950764,0.7141535615171137
9,1e-08,0.6100000000000003,0.746742671009772,0.8186695278969958,0.6274671052631579,0.7104283054003725,0.827247585950764,0.7104283054003725
9,1e-08,0.6200000000000003,0.7414495114006515,0.8181818181818182,0.6143092105263158,0.7017379051197746,0.827247585950764,0.7017379051197746
9,1e-08,0.6300000000000003,0.7365635179153095,0.8185890257558791,0.6011513157894737,0.6932195353247984,0.827247585950764,0.6932195353247984
9,1e-08,0.6400000000000003,0.7361563517915309,0.8234624145785877,0.5945723684210527,0.6905444126074499,0.827247585950764,0.6905444126074499
9,1e-08,0.6500000000000004,0.7341205211726385,0.8284714119019837,0.5838815789473685,0.6849975880366619,0.827247585950764,0.6849975880366619
9,1e-08,0.6600000000000004,0.7320846905537459,0.8321428571428572,0.5748355263157895,0.6799610894941635,0.827247585950764,0.6799610894941635
9,1e-08,0.6700000000000004,0.7312703583061889,0.8415233415233415,0.5633223684210527,0.6748768472906403,0.827247585950764,0.6748768472906403
9,1e-08,0.6800000000000004,0.7267915309446255,0.8410513141426783,0.5526315789473685,0.6669975186104218,0.827247585950764,0.6669975186104218
9,1e-08,0.6900000000000004,0.7235342019543974,0.8455598455598455,0.540296052631579,0.6593075765178122,0.827247585950764,0.6593075765178122
9,1e-08,0.7000000000000004,0.7162052117263844,0.8455392809587217,0.522203947368421,0.6456532791052364,0.827247585950764,0.6456532791052364
9,1e-07,0.3,0.7190553745928339,0.6629491945477075,0.8799342105263158,0.7561837455830388,0.827247585950764,0.7561837455830388
9,1e-07,0.31,0.7235342019543974,0.6696146557169931,0.8717105263157895,0.7574133619149697,0.827247585950764,0.7574133619149697
9,1e-07,0.32,0.7251628664495114,0.6748545572074984,0.8585526315789473,0.755700325732899,0.827247585950764,0.755700325732899
9,1e-07,0.33,0.7271986970684039,0.6793692509855453,0.850328947368421,0.7552958363769176,0.827247585950764,0.7552958363769176
9,1e-07,0.34,0.7320846905537459,0.6862483311081442,0.8453947368421053,0.7575534266764923,0.827247585950764,0.7575534266764923
9,1e-07,0.35000000000000003,0.7324918566775245,0.6884693189480782,0.8396381578947368,0.7565765098184514,0.827247585950764,0.7565765098184514
9,1e-07,0.36000000000000004,0.7365635179153095,0.6955326460481099,0.8322368421052632,0.7577686259827779,0.827247585950764,0.7577686259827779
9,1e-07,0.37000000000000005,0.744299674267101,0.7055944055944056,0.8297697368421053,0.7626606198034769,0.827247585950764,0.7626606198034769
9,1e-07,0.38000000000000006,0.746742671009772,0.7109375,0.8231907894736842,0.7629573170731708,0.827247585950764,0.7629573170731708
9,1e-07,0.39000000000000007,0.748371335504886,0.7144906743185079,0.819078947368421,0.7632183908045976,0.827247585950764,0.7632183908045976
9,1e-07,0.4000000000000001,0.752442996742671,0.7225475841874085,0.8116776315789473,0.7645236250968241,0.827247585950764,0.7645236250968241
9,1e-07,0.4100000000000001,0.751628664495114,0.7254464285714286,0.8018092105263158,0.7617187500000001,0.827247585950764,0.7617187500000001
9,1e-07,0.4200000000000001,0.752442996742671,0.729607250755287,0.7944078947368421,0.7606299212598425,0.827247585950764,0.7606299212598425
9,1e-07,0.4300000000000001,0.752442996742671,0.7338461538461538,0.7845394736842105,0.7583465818759935,0.827247585950764,0.7583465818759935
9,1e-07,0.4400000000000001,0.754071661237785,0.7390625,0.7779605263157895,0.7580128205128204,0.827247585950764,0.7580128205128204
9,1e-07,0.4500000000000001,0.7552931596091205,0.744241461477363,0.7705592105263158,0.7571717171717172,0.827247585950764,0.7571717171717172
9,1e-07,0.46000000000000013,0.7528501628664495,0.7441860465116279,0.7631578947368421,0.7535525781567195,0.827247585950764,0.7535525781567195
9,1e-07,0.47000000000000014,0.753257328990228,0.7487765089722676,0.7549342105263158,0.7518427518427518,0.827247585950764,0.7518427518427518
9,1e-07,0.48000000000000015,0.754885993485342,0.7562604340567612,0.7450657894736842,0.7506213753106876,0.827247585950764,0.7506213753106876
9,1e-07,0.49000000000000016,0.754885993485342,0.7606112054329371,0.7368421052631579,0.7485380116959063,0.827247585950764,0.7485380116959063
9,1e-07,0.5000000000000002,0.7552931596091205,0.7671589921807124,0.7261513157894737,0.7460920997042669,0.827247585950764,0.7460920997042669
9,1e-07,0.5100000000000002,0.7561074918566775,0.7732506643046945,0.7179276315789473,0.7445628997867804,0.827247585950764,0.7445628997867804
9,1e-07,0.5200000000000002,0.754071661237785,0.7766726943942134,0.7064144736842105,0.7398794142980188,0.827247585950764,0.7398794142980188
9,1e-07,0.5300000000000002,0.7520358306188925,0.777676120768527,0.6990131578947368,0.7362494586401038,0.827247585950764,0.7362494586401038
9,1e-07,0.5400000000000003,0.755700325732899,0.7862453531598513,0.6957236842105263,0.7382198952879581,0.827247585950764,0.7382198952879581
9,1e-07,0.5500000000000003,0.7536644951140065,0.7879359095193214,0.6875,0.7342995169082126,0.827247585950764,0.7342995169082126
9,1e-07,0.5600000000000003,0.7504071661237784,0.7901828681424446,0.6751644736842105,0.7281596452328161,0.827247585950764,0.7281596452328161
9,1e-07,0.5700000000000003,0.751628664495114,0.7982283464566929,0.6669407894736842,0.7267025089605735,0.827247585950764,0.7267025089605735
9,1e-07,0.5800000000000003,0.752442996742671,0.807070707070707,0.6570723684210527,0.7243880326382592,0.827247585950764,0.7243880326382592
9,1e-07,0.5900000000000003,0.753257328990228,0.8137860082304527,0.6504934210526315,0.7230347349177332,0.827247585950764,0.7230347349177332
9,1e-07,0.6000000000000003,0.748371335504886,0.8160676532769556,0.6348684210526315,0.7141535615171137,0.827247585950764,0.7141535615171137
9,1e-07,0.6100000000000003,0.746742671009772,0.8186695278969958,0.6274671052631579,0.7104283054003725,0.827247585950764,0.7104283054003725
9,1e-07,0.6200000000000003,0.7414495114006515,0.8181818181818182,0.6143092105263158,0.7017379051197746,0.827247585950764,0.7017379051197746
9,1e-07,0.6300000000000003,0.7365635179153095,0.8185890257558791,0.6011513157894737,0.6932195353247984,0.827247585950764,0.6932195353247984
9,1e-07,0.6400000000000003,0.7361563517915309,0.8234624145785877,0.5945723684210527,0.6905444126074499,0.827247585950764,0.6905444126074499
9,1e-07,0.6500000000000004,0.7341205211726385,0.8284714119019837,0.5838815789473685,0.6849975880366619,0.827247585950764,0.6849975880366619
9,1e-07,0.6600000000000004,0.7320846905537459,0.8321428571428572,0.5748355263157895,0.6799610894941635,0.827247585950764,0.6799610894941635
9,1e-07,0.6700000000000004,0.7312703583061889,0.8415233415233415,0.5633223684210527,0.6748768472906403,0.827247585950764,0.6748768472906403
9,1e-07,0.6800000000000004,0.7267915309446255,0.8410513141426783,0.5526315789473685,0.6669975186104218,0.827247585950764,0.6669975186104218
9,1e-07,0.6900000000000004,0.7235342019543974,0.8455598455598455,0.540296052631579,0.6593075765178122,0.827247585950764,0.6593075765178122
9,1e-07,0.7000000000000004,0.7162052117263844,0.8455392809587217,0.522203947368421,0.6456532791052364,0.827247585950764,0.6456532791052364
9,1e-06,0.3,0.7190553745928339,0.6629491945477075,0.8799342105263158,0.7561837455830388,0.827247585950764,0.7561837455830388
9,1e-06,0.31,0.7235342019543974,0.6696146557169931,0.8717105263157895,0.7574133619149697,0.827247585950764,0.7574133619149697
9,1e-06,0.32,0.7251628664495114,0.6748545572074984,0.8585526315789473,0.755700325732899,0.827247585950764,0.755700325732899
9,1e-06,0.33,0.7271986970684039,0.6793692509855453,0.850328947368421,0.7552958363769176,0.827247585950764,0.7552958363769176
9,1e-06,0.34,0.7320846905537459,0.6862483311081442,0.8453947368421053,0.7575534266764923,0.827247585950764,0.7575534266764923
9,1e-06,0.35000000000000003,0.7324918566775245,0.6884693189480782,0.8396381578947368,0.7565765098184514,0.827247585950764,0.7565765098184514
9,1e-06,0.36000000000000004,0.7365635179153095,0.6955326460481099,0.8322368421052632,0.7577686259827779,0.827247585950764,0.7577686259827779
9,1e-06,0.37000000000000005,0.744299674267101,0.7055944055944056,0.8297697368421053,0.7626606198034769,0.827247585950764,0.7626606198034769
9,1e-06,0.38000000000000006,0.746742671009772,0.7109375,0.8231907894736842,0.7629573170731708,0.827247585950764,0.7629573170731708
9,1e-06,0.39000000000000007,0.748371335504886,0.7144906743185079,0.819078947368421,0.7632183908045976,0.827247585950764,0.7632183908045976
9,1e-06,0.4000000000000001,0.752442996742671,0.7225475841874085,0.8116776315789473,0.7645236250968241,0.827247585950764,0.7645236250968241
9,1e-06,0.4100000000000001,0.751628664495114,0.7254464285714286,0.8018092105263158,0.7617187500000001,0.827247585950764,0.7617187500000001
9,1e-06,0.4200000000000001,0.752442996742671,0.729607250755287,0.7944078947368421,0.7606299212598425,0.827247585950764,0.7606299212598425
9,1e-06,0.4300000000000001,0.752442996742671,0.7338461538461538,0.7845394736842105,0.7583465818759935,0.827247585950764,0.7583465818759935
9,1e-06,0.4400000000000001,0.754071661237785,0.7390625,0.7779605263157895,0.7580128205128204,0.827247585950764,0.7580128205128204
9,1e-06,0.4500000000000001,0.7552931596091205,0.744241461477363,0.7705592105263158,0.7571717171717172,0.827247585950764,0.7571717171717172
9,1e-06,0.46000000000000013,0.7528501628664495,0.7441860465116279,0.7631578947368421,0.7535525781567195,0.827247585950764,0.7535525781567195
9,1e-06,0.47000000000000014,0.753257328990228,0.7487765089722676,0.7549342105263158,0.7518427518427518,0.827247585950764,0.7518427518427518
9,1e-06,0.48000000000000015,0.754885993485342,0.7562604340567612,0.7450657894736842,0.7506213753106876,0.827247585950764,0.7506213753106876
9,1e-06,0.49000000000000016,0.754885993485342,0.7606112054329371,0.7368421052631579,0.7485380116959063,0.827247585950764,0.7485380116959063
9,1e-06,0.5000000000000002,0.7552931596091205,0.7671589921807124,0.7261513157894737,0.7460920997042669,0.827247585950764,0.7460920997042669
9,1e-06,0.5100000000000002,0.7561074918566775,0.7732506643046945,0.7179276315789473,0.7445628997867804,0.827247585950764,0.7445628997867804
9,1e-06,0.5200000000000002,0.754071661237785,0.7766726943942134,0.7064144736842105,0.7398794142980188,0.827247585950764,0.7398794142980188
9,1e-06,0.5300000000000002,0.7520358306188925,0.777676120768527,0.6990131578947368,0.7362494586401038,0.827247585950764,0.7362494586401038
9,1e-06,0.5400000000000003,0.755700325732899,0.7862453531598513,0.6957236842105263,0.7382198952879581,0.827247585950764,0.7382198952879581
9,1e-06,0.5500000000000003,0.7536644951140065,0.7879359095193214,0.6875,0.7342995169082126,0.827247585950764,0.7342995169082126
9,1e-06,0.5600000000000003,0.7504071661237784,0.7901828681424446,0.6751644736842105,0.7281596452328161,0.827247585950764,0.7281596452328161
9,1e-06,0.5700000000000003,0.751628664495114,0.7982283464566929,0.6669407894736842,0.7267025089605735,0.827247585950764,0.7267025089605735
9,1e-06,0.5800000000000003,0.752442996742671,0.807070707070707,0.6570723684210527,0.7243880326382592,0.827247585950764,0.7243880326382592
9,1e-06,0.5900000000000003,0.753257328990228,0.8137860082304527,0.6504934210526315,0.7230347349177332,0.827247585950764,0.7230347349177332
9,1e-06,0.6000000000000003,0.748371335504886,0.8160676532769556,0.6348684210526315,0.7141535615171137,0.827247585950764,0.7141535615171137
9,1e-06,0.6100000000000003,0.746742671009772,0.8186695278969958,0.6274671052631579,0.7104283054003725,0.827247585950764,0.7104283054003725
9,1e-06,0.6200000000000003,0.7414495114006515,0.8181818181818182,0.6143092105263158,0.7017379051197746,0.827247585950764,0.7017379051197746
9,1e-06,0.6300000000000003,0.7365635179153095,0.8185890257558791,0.6011513157894737,0.6932195353247984,0.827247585950764,0.6932195353247984
9,1e-06,0.6400000000000003,0.7361563517915309,0.8234624145785877,0.5945723684210527,0.6905444126074499,0.827247585950764,0.6905444126074499
9,1e-06,0.6500000000000004,0.7341205211726385,0.8284714119019837,0.5838815789473685,0.6849975880366619,0.827247585950764,0.6849975880366619
9,1e-06,0.6600000000000004,0.7320846905537459,0.8321428571428572,0.5748355263157895,0.6799610894941635,0.827247585950764,0.6799610894941635
9,1e-06,0.6700000000000004,0.7312703583061889,0.8415233415233415,0.5633223684210527,0.6748768472906403,0.827247585950764,0.6748768472906403
9,1e-06,0.6800000000000004,0.7267915309446255,0.8410513141426783,0.5526315789473685,0.6669975186104218,0.827247585950764,0.6669975186104218
9,1e-06,0.6900000000000004,0.7235342019543974,0.8455598455598455,0.540296052631579,0.6593075765178122,0.827247585950764,0.6593075765178122
9,1e-06,0.7000000000000004,0.7162052117263844,0.8455392809587217,0.522203947368421,0.6456532791052364,0.827247585950764,0.6456532791052364
9,1e-05,0.3,0.7190553745928339,0.6629491945477075,0.8799342105263158,0.7561837455830388,0.827247585950764,0.7561837455830388
9,1e-05,0.31,0.7235342019543974,0.6696146557169931,0.8717105263157895,0.7574133619149697,0.827247585950764,0.7574133619149697
9,1e-05,0.32,0.7251628664495114,0.6748545572074984,0.8585526315789473,0.755700325732899,0.827247585950764,0.755700325732899
9,1e-05,0.33,0.7271986970684039,0.6793692509855453,0.850328947368421,0.7552958363769176,0.827247585950764,0.7552958363769176
9,1e-05,0.34,0.7320846905537459,0.6862483311081442,0.8453947368421053,0.7575534266764923,0.827247585950764,0.7575534266764923
9,1e-05,0.35000000000000003,0.7324918566775245,0.6884693189480782,0.8396381578947368,0.7565765098184514,0.827247585950764,0.7565765098184514
9,1e-05,0.36000000000000004,0.7365635179153095,0.6955326460481099,0.8322368421052632,0.7577686259827779,0.827247585950764,0.7577686259827779
9,1e-05,0.37000000000000005,0.744299674267101,0.7055944055944056,0.8297697368421053,0.7626606198034769,0.827247585950764,0.7626606198034769
9,1e-05,0.38000000000000006,0.746742671009772,0.7109375,0.8231907894736842,0.7629573170731708,0.827247585950764,0.7629573170731708
9,1e-05,0.39000000000000007,0.748371335504886,0.7144906743185079,0.819078947368421,0.7632183908045976,0.827247585950764,0.7632183908045976
9,1e-05,0.4000000000000001,0.752442996742671,0.7225475841874085,0.8116776315789473,0.7645236250968241,0.827247585950764,0.7645236250968241
9,1e-05,0.4100000000000001,0.751628664495114,0.7254464285714286,0.8018092105263158,0.7617187500000001,0.827247585950764,0.7617187500000001
9,1e-05,0.4200000000000001,0.752442996742671,0.729607250755287,0.7944078947368421,0.7606299212598425,0.827247585950764,0.7606299212598425
9,1e-05,0.4300000000000001,0.752442996742671,0.7338461538461538,0.7845394736842105,0.7583465818759935,0.827247585950764,0.7583465818759935
9,1e-05,0.4400000000000001,0.754071661237785,0.7390625,0.7779605263157895,0.7580128205128204,0.827247585950764,0.7580128205128204
9,1e-05,0.4500000000000001,0.7552931596091205,0.744241461477363,0.7705592105263158,0.7571717171717172,0.827247585950764,0.7571717171717172
9,1e-05,0.46000000000000013,0.7528501628664495,0.7441860465116279,0.7631578947368421,0.7535525781567195,0.827247585950764,0.7535525781567195
9,1e-05,0.47000000000000014,0.753257328990228,0.7487765089722676,0.7549342105263158,0.7518427518427518,0.827247585950764,0.7518427518427518
9,1e-05,0.48000000000000015,0.754885993485342,0.7562604340567612,0.7450657894736842,0.7506213753106876,0.827247585950764,0.7506213753106876
9,1e-05,0.49000000000000016,0.754885993485342,0.7606112054329371,0.7368421052631579,0.7485380116959063,0.827247585950764,0.7485380116959063
9,1e-05,0.5000000000000002,0.7552931596091205,0.7671589921807124,0.7261513157894737,0.7460920997042669,0.827247585950764,0.7460920997042669
9,1e-05,0.5100000000000002,0.7561074918566775,0.7732506643046945,0.7179276315789473,0.7445628997867804,0.827247585950764,0.7445628997867804
9,1e-05,0.5200000000000002,0.754071661237785,0.7766726943942134,0.7064144736842105,0.7398794142980188,0.827247585950764,0.7398794142980188
9,1e-05,0.5300000000000002,0.7520358306188925,0.777676120768527,0.6990131578947368,0.7362494586401038,0.827247585950764,0.7362494586401038
9,1e-05,0.5400000000000003,0.755700325732899,0.7862453531598513,0.6957236842105263,0.7382198952879581,0.827247585950764,0.7382198952879581
9,1e-05,0.5500000000000003,0.7536644951140065,0.7879359095193214,0.6875,0.7342995169082126,0.827247585950764,0.7342995169082126
9,1e-05,0.5600000000000003,0.7504071661237784,0.7901828681424446,0.6751644736842105,0.7281596452328161,0.827247585950764,0.7281596452328161
9,1e-05,0.5700000000000003,0.751628664495114,0.7982283464566929,0.6669407894736842,0.7267025089605735,0.827247585950764,0.7267025089605735
9,1e-05,0.5800000000000003,0.752442996742671,0.807070707070707,0.6570723684210527,0.7243880326382592,0.827247585950764,0.7243880326382592
9,1e-05,0.5900000000000003,0.753257328990228,0.8137860082304527,0.6504934210526315,0.7230347349177332,0.827247585950764,0.7230347349177332
9,1e-05,0.6000000000000003,0.748371335504886,0.8160676532769556,0.6348684210526315,0.7141535615171137,0.827247585950764,0.7141535615171137
9,1e-05,0.6100000000000003,0.746742671009772,0.8186695278969958,0.6274671052631579,0.7104283054003725,0.827247585950764,0.7104283054003725
9,1e-05,0.6200000000000003,0.7414495114006515,0.8181818181818182,0.6143092105263158,0.7017379051197746,0.827247585950764,0.7017379051197746
9,1e-05,0.6300000000000003,0.7365635179153095,0.8185890257558791,0.6011513157894737,0.6932195353247984,0.827247585950764,0.6932195353247984
9,1e-05,0.6400000000000003,0.7361563517915309,0.8234624145785877,0.5945723684210527,0.6905444126074499,0.827247585950764,0.6905444126074499
9,1e-05,0.6500000000000004,0.7341205211726385,0.8284714119019837,0.5838815789473685,0.6849975880366619,0.827247585950764,0.6849975880366619
9,1e-05,0.6600000000000004,0.7320846905537459,0.8321428571428572,0.5748355263157895,0.6799610894941635,0.827247585950764,0.6799610894941635
9,1e-05,0.6700000000000004,0.7312703583061889,0.8415233415233415,0.5633223684210527,0.6748768472906403,0.827247585950764,0.6748768472906403
9,1e-05,0.6800000000000004,0.7267915309446255,0.8410513141426783,0.5526315789473685,0.6669975186104218,0.827247585950764,0.6669975186104218
9,1e-05,0.6900000000000004,0.7235342019543974,0.8455598455598455,0.540296052631579,0.6593075765178122,0.827247585950764,0.6593075765178122
9,1e-05,0.7000000000000004,0.7162052117263844,0.8455392809587217,0.522203947368421,0.6456532791052364,0.827247585950764,0.6456532791052364
10,1e-12,0.3,0.7206840390879479,0.6643920595533499,0.8807565789473685,0.7574257425742574,0.8273470660016977,0.7574257425742574
10,1e-12,0.31,0.7243485342019544,0.6702463676563487,0.8725328947368421,0.7581279028224366,0.8273470660016977,0.7581279028224366
10,1e-12,0.32,0.7247557003257329,0.6737451737451737,0.8610197368421053,0.7559566787003611,0.8273470660016977,0.7559566787003611
10,1e-12,0.33,0.7284201954397395,0.6804733727810651,0.8511513157894737,0.7563025210084033,0.8273470660016977,0.7563025210084033
10,1e-12,0.34,0.7328990228013029,0.6871657754010695,0.8453947368421053,0.7581120943952803,0.8273470660016977,0.7581120943952803
10,1e-12,0.35000000000000003,0.7369706840390879,0.6936141304347826,0.8396381578947368,0.7596726190476191,0.8273470660016977,0.7596726190476191
10,1e-12,0.36000000000000004,0.741042345276873,0.6994497936726273,0.8363486842105263,0.7617977528089886,0.8273470660016977,0.7617977528089886
10,1e-12,0.37000000000000005,0.7422638436482085,0.7037037037037037,0.828125,0.7608613524744995,0.8273470660016977,0.7608613524744995
10,1e-12,0.38000000000000006,0.745928338762215,0.7099290780141844,0.8231907894736842,0.7623762376237624,0.8273470660016977,0.7623762376237624
10,1e-12,0.39000000000000007,0.749185667752443,0.7158273381294964,0.8182565789473685,0.7636224098234843,0.8273470660016977,0.7636224098234843
10,1e-12,0.4000000000000001,0.752442996742671,0.7218978102189781,0.8133223684210527,0.7648878576952823,0.8273470660016977,0.7648878576952823
10,1e-12,0.4100000000000001,0.752442996742671,0.7265275707898659,0.8018092105263158,0.7623143080531665,0.8273470660016977,0.7623143080531665
10,1e-12,0.4200000000000001,0.7520358306188925,0.7297501892505678,0.7927631578947368,0.7599527000394166,0.8273470660016977,0.7599527000394166
10,1e-12,0.4300000000000001,0.751628664495114,0.7327188940092166,0.7845394736842105,0.7577442414614773,0.8273470660016977,0.7577442414614773
10,1e-12,0.4400000000000001,0.7528501628664495,0.7377049180327869,0.7771381578947368,0.7569082899479375,0.8273470660016977,0.7569082899479375
10,1e-12,0.4500000000000001,0.754885993485342,0.7436507936507937,0.7705592105263158,0.7568659127625201,0.8273470660016977,0.7568659127625201
10,1e-12,0.46000000000000013,0.753257328990228,0.7443910256410257,0.7639802631578947,0.7540584415584415,0.8273470660016977,0.7540584415584415
10,1e-12,0.47000000000000014,0.752442996742671,0.747557003257329,0.7549342105263158,0.7512274959083469,0.8273470660016977,0.7512274959083469
10,1e-12,0.48000000000000015,0.7520358306188925,0.7527060782681099,0.743421052631579,0.7480347538270584,0.8273470660016977,0.7480347538270584
10,1e-12,0.49000000000000016,0.754885993485342,0.7597292724196277,0.7384868421052632,0.7489574645537949,0.8273470660016977,0.7489574645537949
10,1e-12,0.5000000000000002,0.754885993485342,0.7655709342560554,0.727796052631579,0.7462057335581789,0.8273470660016977,0.7462057335581789
10,1e-12,0.5100000000000002,0.755700325732899,0.772566371681416,0.7179276315789473,0.7442455242966751,0.8273470660016977,0.7442455242966751
10,1e-12,0.5200000000000002,0.754071661237785,0.776173285198556,0.7072368421052632,0.7401032702237522,0.8273470660016977,0.7401032702237522
10,1e-12,0.5300000000000002,0.754885993485342,0.781651376146789,0.7006578947368421,0.7389418907198613,0.8273470660016977,0.7389418907198613
10,1e-12,0.5400000000000003,0.753257328990228,0.7845149253731343,0.6916118421052632,0.7351398601398601,0.8273470660016977,0.7351398601398601
10,1e-12,0.5500000000000003,0.7544788273615635,0.7899716177861873,0.6866776315789473,0.7347118345798503,0.8273470660016977,0.7347118345798503
10,1e-12,0.5600000000000003,0.7512214983713354,0.7911453320500481,0.6759868421052632,0.7290465631929046,0.8273470660016977,0.7290465631929046
10,1e-12,0.5700000000000003,0.7520358306188925,0.7996051332675223,0.6661184210526315,0.7267833109017495,0.8273470660016977,0.7267833109017495
10,1e-12,0.5800000000000003,0.749185667752443,0.803030303030303,0.6537828947368421,0.7207615593834995,0.8273470660016977,0.7207615593834995
10,1e-12,0.5900000000000003,0.7495928338762216,0.8094747682801235,0.6463815789473685,0.7187928669410152,0.8273470660016977,0.7187928669410152
10,1e-12,0.6000000000000003,0.749185667752443,0.8151260504201681,0.6381578947368421,0.7158671586715868,0.8273470660016977,0.7158671586715868
10,1e-12,0.6100000000000003,0.745928338762215,0.8175965665236051,0.6266447368421053,0.7094972067039106,0.8273470660016977,0.7094972067039106
10,1e-12,0.6200000000000003,0.7422638436482085,0.8199780461031834,0.6143092105263158,0.702397743300423,0.8273470660016977,0.702397743300423
10,1e-12,0.6300000000000003,0.7390065146579805,0.8219484882418813,0.6036184210526315,0.6960644855381696,0.8273470660016977,0.6960644855381696
10,1e-12,0.6400000000000003,0.7345276872964169,0.8211845102505695,0.5929276315789473,0.6886341929321872,0.8273470660016977,0.6886341929321872
10,1e-12,0.6500000000000004,0.7357491856677525,0.828505214368482,0.5879934210526315,0.6878306878306878,0.8273470660016977,0.6878306878306878
10,1e-12,0.6600000000000004,0.7308631921824105,0.8307508939213349,0.5731907894736842,0.678345498783455,0.8273470660016977,0.678345498783455
10,1e-12,0.6700000000000004,0.7308631921824105,0.8388278388278388,0.5649671052631579,0.6751842751842752,0.8273470660016977,0.6751842751842752
10,1e-12,0.6800000000000004,0.7247557003257329,0.8417721518987342,0.546875,0.6630109670987039,0.8273470660016977,0.6630109670987039
10,1e-12,0.6900000000000004,0.7194625407166124,0.8408796895213454,0.5345394736842105,0.6535947712418301,0.8273470660016977,0.6535947712418301
10,1e-12,0.7000000000000004,0.7162052117263844,0.8428005284015853,0.524671052631579,0.6467308667004561,0.8273470660016977,0.6467308667004561
10,1e-10,0.3,0.7206840390879479,0.6643920595533499,0.8807565789473685,0.7574257425742574,0.8273470660016977,0.7574257425742574
10,1e-10,0.31,0.7243485342019544,0.6702463676563487,0.8725328947368421,0.7581279028224366,0.8273470660016977,0.7581279028224366
10,1e-10,0.32,0.7247557003257329,0.6737451737451737,0.8610197368421053,0.7559566787003611,0.8273470660016977,0.7559566787003611
10,1e-10,0.33,0.7284201954397395,0.6804733727810651,0.8511513157894737,0.7563025210084033,0.8273470660016977,0.7563025210084033
10,1e-10,0.34,0.7328990228013029,0.6871657754010695,0.8453947368421053,0.7581120943952803,0.8273470660016977,0.7581120943952803
10,1e-10,0.35000000000000003,0.7369706840390879,0.6936141304347826,0.8396381578947368,0.7596726190476191,0.8273470660016977,0.7596726190476191
10,1e-10,0.36000000000000004,0.741042345276873,0.6994497936726273,0.8363486842105263,0.7617977528089886,0.8273470660016977,0.7617977528089886
10,1e-10,0.37000000000000005,0.7422638436482085,0.7037037037037037,0.828125,0.7608613524744995,0.8273470660016977,0.7608613524744995
10,1e-10,0.38000000000000006,0.745928338762215,0.7099290780141844,0.8231907894736842,0.7623762376237624,0.8273470660016977,0.7623762376237624
10,1e-10,0.39000000000000007,0.749185667752443,0.7158273381294964,0.8182565789473685,0.7636224098234843,0.8273470660016977,0.7636224098234843
10,1e-10,0.4000000000000001,0.752442996742671,0.7218978102189781,0.8133223684210527,0.7648878576952823,0.8273470660016977,0.7648878576952823
10,1e-10,0.4100000000000001,0.752442996742671,0.7265275707898659,0.8018092105263158,0.7623143080531665,0.8273470660016977,0.7623143080531665
10,1e-10,0.4200000000000001,0.7520358306188925,0.7297501892505678,0.7927631578947368,0.7599527000394166,0.8273470660016977,0.7599527000394166
10,1e-10,0.4300000000000001,0.751628664495114,0.7327188940092166,0.7845394736842105,0.7577442414614773,0.8273470660016977,0.7577442414614773
10,1e-10,0.4400000000000001,0.7528501628664495,0.7377049180327869,0.7771381578947368,0.7569082899479375,0.8273470660016977,0.7569082899479375
10,1e-10,0.4500000000000001,0.754885993485342,0.7436507936507937,0.7705592105263158,0.7568659127625201,0.8273470660016977,0.7568659127625201
10,1e-10,0.46000000000000013,0.753257328990228,0.7443910256410257,0.7639802631578947,0.7540584415584415,0.8273470660016977,0.7540584415584415
10,1e-10,0.47000000000000014,0.752442996742671,0.747557003257329,0.7549342105263158,0.7512274959083469,0.8273470660016977,0.7512274959083469
10,1e-10,0.48000000000000015,0.7520358306188925,0.7527060782681099,0.743421052631579,0.7480347538270584,0.8273470660016977,0.7480347538270584
10,1e-10,0.49000000000000016,0.754885993485342,0.7597292724196277,0.7384868421052632,0.7489574645537949,0.8273470660016977,0.7489574645537949
10,1e-10,0.5000000000000002,0.754885993485342,0.7655709342560554,0.727796052631579,0.7462057335581789,0.8273470660016977,0.7462057335581789
10,1e-10,0.5100000000000002,0.755700325732899,0.772566371681416,0.7179276315789473,0.7442455242966751,0.8273470660016977,0.7442455242966751
10,1e-10,0.5200000000000002,0.754071661237785,0.776173285198556,0.7072368421052632,0.7401032702237522,0.8273470660016977,0.7401032702237522
10,1e-10,0.5300000000000002,0.754885993485342,0.781651376146789,0.7006578947368421,0.7389418907198613,0.8273470660016977,0.7389418907198613
10,1e-10,0.5400000000000003,0.753257328990228,0.7845149253731343,0.6916118421052632,0.7351398601398601,0.8273470660016977,0.7351398601398601
10,1e-10,0.5500000000000003,0.7544788273615635,0.7899716177861873,0.6866776315789473,0.7347118345798503,0.8273470660016977,0.7347118345798503
10,1e-10,0.5600000000000003,0.7512214983713354,0.7911453320500481,0.6759868421052632,0.7290465631929046,0.8273470660016977,0.7290465631929046
10,1e-10,0.5700000000000003,0.7520358306188925,0.7996051332675223,0.6661184210526315,0.7267833109017495,0.8273470660016977,0.7267833109017495
10,1e-10,0.5800000000000003,0.749185667752443,0.803030303030303,0.6537828947368421,0.7207615593834995,0.8273470660016977,0.7207615593834995
10,1e-10,0.5900000000000003,0.7495928338762216,0.8094747682801235,0.6463815789473685,0.7187928669410152,0.8273470660016977,0.7187928669410152
10,1e-10,0.6000000000000003,0.749185667752443,0.8151260504201681,0.6381578947368421,0.7158671586715868,0.8273470660016977,0.7158671586715868
10,1e-10,0.6100000000000003,0.745928338762215,0.8175965665236051,0.6266447368421053,0.7094972067039106,0.8273470660016977,0.7094972067039106
10,1e-10,0.6200000000000003,0.7422638436482085,0.8199780461031834,0.6143092105263158,0.702397743300423,0.8273470660016977,0.702397743300423
10,1e-10,0.6300000000000003,0.7390065146579805,0.8219484882418813,0.6036184210526315,0.6960644855381696,0.8273470660016977,0.6960644855381696
10,1e-10,0.6400000000000003,0.7345276872964169,0.8211845102505695,0.5929276315789473,0.6886341929321872,0.8273470660016977,0.6886341929321872
10,1e-10,0.6500000000000004,0.7357491856677525,0.828505214368482,0.5879934210526315,0.6878306878306878,0.8273470660016977,0.6878306878306878
10,1e-10,0.6600000000000004,0.7308631921824105,0.8307508939213349,0.5731907894736842,0.678345498783455,0.8273470660016977,0.678345498783455
10,1e-10,0.6700000000000004,0.7308631921824105,0.8388278388278388,0.5649671052631579,0.6751842751842752,0.8273470660016977,0.6751842751842752
10,1e-10,0.6800000000000004,0.7247557003257329,0.8417721518987342,0.546875,0.6630109670987039,0.8273470660016977,0.6630109670987039
10,1e-10,0.6900000000000004,0.7194625407166124,0.8408796895213454,0.5345394736842105,0.6535947712418301,0.8273470660016977,0.6535947712418301
10,1e-10,0.7000000000000004,0.7162052117263844,0.8428005284015853,0.524671052631579,0.6467308667004561,0.8273470660016977,0.6467308667004561
10,1e-09,0.3,0.7206840390879479,0.6643920595533499,0.8807565789473685,0.7574257425742574,0.8273470660016977,0.7574257425742574
10,1e-09,0.31,0.7243485342019544,0.6702463676563487,0.8725328947368421,0.7581279028224366,0.8273470660016977,0.7581279028224366
10,1e-09,0.32,0.7247557003257329,0.6737451737451737,0.8610197368421053,0.7559566787003611,0.8273470660016977,0.7559566787003611
10,1e-09,0.33,0.7284201954397395,0.6804733727810651,0.8511513157894737,0.7563025210084033,0.8273470660016977,0.7563025210084033
10,1e-09,0.34,0.7328990228013029,0.6871657754010695,0.8453947368421053,0.7581120943952803,0.8273470660016977,0.7581120943952803
10,1e-09,0.35000000000000003,0.7369706840390879,0.6936141304347826,0.8396381578947368,0.7596726190476191,0.8273470660016977,0.7596726190476191
10,1e-09,0.36000000000000004,0.741042345276873,0.6994497936726273,0.8363486842105263,0.7617977528089886,0.8273470660016977,0.7617977528089886
10,1e-09,0.37000000000000005,0.7422638436482085,0.7037037037037037,0.828125,0.7608613524744995,0.8273470660016977,0.7608613524744995
10,1e-09,0.38000000000000006,0.745928338762215,0.7099290780141844,0.8231907894736842,0.7623762376237624,0.8273470660016977,0.7623762376237624
10,1e-09,0.39000000000000007,0.749185667752443,0.7158273381294964,0.8182565789473685,0.7636224098234843,0.8273470660016977,0.7636224098234843
10,1e-09,0.4000000000000001,0.752442996742671,0.7218978102189781,0.8133223684210527,0.7648878576952823,0.8273470660016977,0.7648878576952823
10,1e-09,0.4100000000000001,0.752442996742671,0.7265275707898659,0.8018092105263158,0.7623143080531665,0.8273470660016977,0.7623143080531665
10,1e-09,0.4200000000000001,0.7520358306188925,0.7297501892505678,0.7927631578947368,0.7599527000394166,0.8273470660016977,0.7599527000394166
10,1e-09,0.4300000000000001,0.751628664495114,0.7327188940092166,0.7845394736842105,0.7577442414614773,0.8273470660016977,0.7577442414614773
10,1e-09,0.4400000000000001,0.7528501628664495,0.7377049180327869,0.7771381578947368,0.7569082899479375,0.8273470660016977,0.7569082899479375
10,1e-09,0.4500000000000001,0.754885993485342,0.7436507936507937,0.7705592105263158,0.7568659127625201,0.8273470660016977,0.7568659127625201
10,1e-09,0.46000000000000013,0.753257328990228,0.7443910256410257,0.7639802631578947,0.7540584415584415,0.8273470660016977,0.7540584415584415
10,1e-09,0.47000000000000014,0.752442996742671,0.747557003257329,0.7549342105263158,0.7512274959083469,0.8273470660016977,0.7512274959083469
10,1e-09,0.48000000000000015,0.7520358306188925,0.7527060782681099,0.743421052631579,0.7480347538270584,0.8273470660016977,0.7480347538270584
10,1e-09,0.49000000000000016,0.754885993485342,0.7597292724196277,0.7384868421052632,0.7489574645537949,0.8273470660016977,0.7489574645537949
10,1e-09,0.5000000000000002,0.754885993485342,0.7655709342560554,0.727796052631579,0.7462057335581789,0.8273470660016977,0.7462057335581789
10,1e-09,0.5100000000000002,0.755700325732899,0.772566371681416,0.7179276315789473,0.7442455242966751,0.8273470660016977,0.7442455242966751
10,1e-09,0.5200000000000002,0.754071661237785,0.776173285198556,0.7072368421052632,0.7401032702237522,0.8273470660016977,0.7401032702237522
10,1e-09,0.5300000000000002,0.754885993485342,0.781651376146789,0.7006578947368421,0.7389418907198613,0.8273470660016977,0.7389418907198613
10,1e-09,0.5400000000000003,0.753257328990228,0.7845149253731343,0.6916118421052632,0.7351398601398601,0.8273470660016977,0.7351398601398601
10,1e-09,0.5500000000000003,0.7544788273615635,0.7899716177861873,0.6866776315789473,0.7347118345798503,0.8273470660016977,0.7347118345798503
10,1e-09,0.5600000000000003,0.7512214983713354,0.7911453320500481,0.6759868421052632,0.7290465631929046,0.8273470660016977,0.7290465631929046
10,1e-09,0.5700000000000003,0.7520358306188925,0.7996051332675223,0.6661184210526315,0.7267833109017495,0.8273470660016977,0.7267833109017495
10,1e-09,0.5800000000000003,0.749185667752443,0.803030303030303,0.6537828947368421,0.7207615593834995,0.8273470660016977,0.7207615593834995
10,1e-09,0.5900000000000003,0.7495928338762216,0.8094747682801235,0.6463815789473685,0.7187928669410152,0.8273470660016977,0.7187928669410152
10,1e-09,0.6000000000000003,0.749185667752443,0.8151260504201681,0.6381578947368421,0.7158671586715868,0.8273470660016977,0.7158671586715868
10,1e-09,0.6100000000000003,0.745928338762215,0.8175965665236051,0.6266447368421053,0.7094972067039106,0.8273470660016977,0.7094972067039106
10,1e-09,0.6200000000000003,0.7422638436482085,0.8199780461031834,0.6143092105263158,0.702397743300423,0.8273470660016977,0.702397743300423
10,1e-09,0.6300000000000003,0.7390065146579805,0.8219484882418813,0.6036184210526315,0.6960644855381696,0.8273470660016977,0.6960644855381696
10,1e-09,0.6400000000000003,0.7345276872964169,0.8211845102505695,0.5929276315789473,0.6886341929321872,0.8273470660016977,0.6886341929321872
10,1e-09,0.6500000000000004,0.7357491856677525,0.828505214368482,0.5879934210526315,0.6878306878306878,0.8273470660016977,0.6878306878306878
10,1e-09,0.6600000000000004,0.7308631921824105,0.8307508939213349,0.5731907894736842,0.678345498783455,0.8273470660016977,0.678345498783455
10,1e-09,0.6700000000000004,0.7308631921824105,0.8388278388278388,0.5649671052631579,0.6751842751842752,0.8273470660016977,0.6751842751842752
10,1e-09,0.6800000000000004,0.7247557003257329,0.8417721518987342,0.546875,0.6630109670987039,0.8273470660016977,0.6630109670987039
10,1e-09,0.6900000000000004,0.7194625407166124,0.8408796895213454,0.5345394736842105,0.6535947712418301,0.8273470660016977,0.6535947712418301
10,1e-09,0.7000000000000004,0.7162052117263844,0.8428005284015853,0.524671052631579,0.6467308667004561,0.8273470660016977,0.6467308667004561
10,1e-08,0.3,0.7206840390879479,0.6643920595533499,0.8807565789473685,0.7574257425742574,0.8273470660016977,0.7574257425742574
10,1e-08,0.31,0.7243485342019544,0.6702463676563487,0.8725328947368421,0.7581279028224366,0.8273470660016977,0.7581279028224366
10,1e-08,0.32,0.7247557003257329,0.6737451737451737,0.8610197368421053,0.7559566787003611,0.8273470660016977,0.7559566787003611
10,1e-08,0.33,0.7284201954397395,0.6804733727810651,0.8511513157894737,0.7563025210084033,0.8273470660016977,0.7563025210084033
10,1e-08,0.34,0.7328990228013029,0.6871657754010695,0.8453947368421053,0.7581120943952803,0.8273470660016977,0.7581120943952803
10,1e-08,0.35000000000000003,0.7369706840390879,0.6936141304347826,0.8396381578947368,0.7596726190476191,0.8273470660016977,0.7596726190476191
10,1e-08,0.36000000000000004,0.741042345276873,0.6994497936726273,0.8363486842105263,0.7617977528089886,0.8273470660016977,0.7617977528089886
10,1e-08,0.37000000000000005,0.7422638436482085,0.7037037037037037,0.828125,0.7608613524744995,0.8273470660016977,0.7608613524744995
10,1e-08,0.38000000000000006,0.745928338762215,0.7099290780141844,0.8231907894736842,0.7623762376237624,0.8273470660016977,0.7623762376237624
10,1e-08,0.39000000000000007,0.749185667752443,0.7158273381294964,0.8182565789473685,0.7636224098234843,0.8273470660016977,0.7636224098234843
10,1e-08,0.4000000000000001,0.752442996742671,0.7218978102189781,0.8133223684210527,0.7648878576952823,0.8273470660016977,0.7648878576952823
10,1e-08,0.4100000000000001,0.752442996742671,0.7265275707898659,0.8018092105263158,0.7623143080531665,0.8273470660016977,0.7623143080531665
10,1e-08,0.4200000000000001,0.7520358306188925,0.7297501892505678,0.7927631578947368,0.7599527000394166,0.8273470660016977,0.7599527000394166
10,1e-08,0.4300000000000001,0.751628664495114,0.7327188940092166,0.7845394736842105,0.7577442414614773,0.8273470660016977,0.7577442414614773
10,1e-08,0.4400000000000001,0.7528501628664495,0.7377049180327869,0.7771381578947368,0.7569082899479375,0.8273470660016977,0.7569082899479375
10,1e-08,0.4500000000000001,0.754885993485342,0.7436507936507937,0.7705592105263158,0.7568659127625201,0.8273470660016977,0.7568659127625201
10,1e-08,0.46000000000000013,0.753257328990228,0.7443910256410257,0.7639802631578947,0.7540584415584415,0.8273470660016977,0.7540584415584415
10,1e-08,0.47000000000000014,0.752442996742671,0.747557003257329,0.7549342105263158,0.7512274959083469,0.8273470660016977,0.7512274959083469
10,1e-08,0.48000000000000015,0.7520358306188925,0.7527060782681099,0.743421052631579,0.7480347538270584,0.8273470660016977,0.7480347538270584
10,1e-08,0.49000000000000016,0.754885993485342,0.7597292724196277,0.7384868421052632,0.7489574645537949,0.8273470660016977,0.7489574645537949
10,1e-08,0.5000000000000002,0.754885993485342,0.7655709342560554,0.727796052631579,0.7462057335581789,0.8273470660016977,0.7462057335581789
10,1e-08,0.5100000000000002,0.755700325732899,0.772566371681416,0.7179276315789473,0.7442455242966751,0.8273470660016977,0.7442455242966751
10,1e-08,0.5200000000000002,0.754071661237785,0.776173285198556,0.7072368421052632,0.7401032702237522,0.8273470660016977,0.7401032702237522
10,1e-08,0.5300000000000002,0.754885993485342,0.781651376146789,0.7006578947368421,0.7389418907198613,0.8273470660016977,0.7389418907198613
10,1e-08,0.5400000000000003,0.753257328990228,0.7845149253731343,0.6916118421052632,0.7351398601398601,0.8273470660016977,0.7351398601398601
10,1e-08,0.5500000000000003,0.7544788273615635,0.7899716177861873,0.6866776315789473,0.7347118345798503,0.8273470660016977,0.7347118345798503
10,1e-08,0.5600000000000003,0.7512214983713354,0.7911453320500481,0.6759868421052632,0.7290465631929046,0.8273470660016977,0.7290465631929046
10,1e-08,0.5700000000000003,0.7520358306188925,0.7996051332675223,0.6661184210526315,0.7267833109017495,0.8273470660016977,0.7267833109017495
10,1e-08,0.5800000000000003,0.749185667752443,0.803030303030303,0.6537828947368421,0.7207615593834995,0.8273470660016977,0.7207615593834995
10,1e-08,0.5900000000000003,0.7495928338762216,0.8094747682801235,0.6463815789473685,0.7187928669410152,0.8273470660016977,0.7187928669410152
10,1e-08,0.6000000000000003,0.749185667752443,0.8151260504201681,0.6381578947368421,0.7158671586715868,0.8273470660016977,0.7158671586715868
10,1e-08,0.6100000000000003,0.745928338762215,0.8175965665236051,0.6266447368421053,0.7094972067039106,0.8273470660016977,0.7094972067039106
10,1e-08,0.6200000000000003,0.7422638436482085,0.8199780461031834,0.6143092105263158,0.702397743300423,0.8273470660016977,0.702397743300423
10,1e-08,0.6300000000000003,0.7390065146579805,0.8219484882418813,0.6036184210526315,0.6960644855381696,0.8273470660016977,0.6960644855381696
10,1e-08,0.6400000000000003,0.7345276872964169,0.8211845102505695,0.5929276315789473,0.6886341929321872,0.8273470660016977,0.6886341929321872
10,1e-08,0.6500000000000004,0.7357491856677525,0.828505214368482,0.5879934210526315,0.6878306878306878,0.8273470660016977,0.6878306878306878
10,1e-08,0.6600000000000004,0.7308631921824105,0.8307508939213349,0.5731907894736842,0.678345498783455,0.8273470660016977,0.678345498783455
10,1e-08,0.6700000000000004,0.7308631921824105,0.8388278388278388,0.5649671052631579,0.6751842751842752,0.8273470660016977,0.6751842751842752
10,1e-08,0.6800000000000004,0.7247557003257329,0.8417721518987342,0.546875,0.6630109670987039,0.8273470660016977,0.6630109670987039
10,1e-08,0.6900000000000004,0.7194625407166124,0.8408796895213454,0.5345394736842105,0.6535947712418301,0.8273470660016977,0.6535947712418301
10,1e-08,0.7000000000000004,0.7162052117263844,0.8428005284015853,0.524671052631579,0.6467308667004561,0.8273470660016977,0.6467308667004561
10,1e-07,0.3,0.7206840390879479,0.6643920595533499,0.8807565789473685,0.7574257425742574,0.8273470660016977,0.7574257425742574
10,1e-07,0.31,0.7243485342019544,0.6702463676563487,0.8725328947368421,0.7581279028224366,0.8273470660016977,0.7581279028224366
10,1e-07,0.32,0.7247557003257329,0.6737451737451737,0.8610197368421053,0.7559566787003611,0.8273470660016977,0.7559566787003611
10,1e-07,0.33,0.7284201954397395,0.6804733727810651,0.8511513157894737,0.7563025210084033,0.8273470660016977,0.7563025210084033
10,1e-07,0.34,0.7328990228013029,0.6871657754010695,0.8453947368421053,0.7581120943952803,0.8273470660016977,0.7581120943952803
10,1e-07,0.35000000000000003,0.7369706840390879,0.6936141304347826,0.8396381578947368,0.7596726190476191,0.8273470660016977,0.7596726190476191
10,1e-07,0.36000000000000004,0.741042345276873,0.6994497936726273,0.8363486842105263,0.7617977528089886,0.8273470660016977,0.7617977528089886
10,1e-07,0.37000000000000005,0.7422638436482085,0.7037037037037037,0.828125,0.7608613524744995,0.8273470660016977,0.7608613524744995
10,1e-07,0.38000000000000006,0.745928338762215,0.7099290780141844,0.8231907894736842,0.7623762376237624,0.8273470660016977,0.7623762376237624
10,1e-07,0.39000000000000007,0.749185667752443,0.7158273381294964,0.8182565789473685,0.7636224098234843,0.8273470660016977,0.7636224098234843
10,1e-07,0.4000000000000001,0.752442996742671,0.7218978102189781,0.8133223684210527,0.7648878576952823,0.8273470660016977,0.7648878576952823
10,1e-07,0.4100000000000001,0.752442996742671,0.7265275707898659,0.8018092105263158,0.7623143080531665,0.8273470660016977,0.7623143080531665
10,1e-07,0.4200000000000001,0.7520358306188925,0.7297501892505678,0.7927631578947368,0.7599527000394166,0.8273470660016977,0.7599527000394166
10,1e-07,0.4300000000000001,0.751628664495114,0.7327188940092166,0.7845394736842105,0.7577442414614773,0.8273470660016977,0.7577442414614773
10,1e-07,0.4400000000000001,0.7528501628664495,0.7377049180327869,0.7771381578947368,0.7569082899479375,0.8273470660016977,0.7569082899479375
10,1e-07,0.4500000000000001,0.754885993485342,0.7436507936507937,0.7705592105263158,0.7568659127625201,0.8273470660016977,0.7568659127625201
10,1e-07,0.46000000000000013,0.753257328990228,0.7443910256410257,0.7639802631578947,0.7540584415584415,0.8273470660016977,0.7540584415584415
10,1e-07,0.47000000000000014,0.752442996742671,0.747557003257329,0.7549342105263158,0.7512274959083469,0.8273470660016977,0.7512274959083469
10,1e-07,0.48000000000000015,0.7520358306188925,0.7527060782681099,0.743421052631579,0.7480347538270584,0.8273470660016977,0.7480347538270584
10,1e-07,0.49000000000000016,0.754885993485342,0.7597292724196277,0.7384868421052632,0.7489574645537949,0.8273470660016977,0.7489574645537949
10,1e-07,0.5000000000000002,0.754885993485342,0.7655709342560554,0.727796052631579,0.7462057335581789,0.8273470660016977,0.7462057335581789
10,1e-07,0.5100000000000002,0.755700325732899,0.772566371681416,0.7179276315789473,0.7442455242966751,0.8273470660016977,0.7442455242966751
10,1e-07,0.5200000000000002,0.754071661237785,0.776173285198556,0.7072368421052632,0.7401032702237522,0.8273470660016977,0.7401032702237522
10,1e-07,0.5300000000000002,0.754885993485342,0.781651376146789,0.7006578947368421,0.7389418907198613,0.8273470660016977,0.7389418907198613
10,1e-07,0.5400000000000003,0.753257328990228,0.7845149253731343,0.6916118421052632,0.7351398601398601,0.8273470660016977,0.7351398601398601
10,1e-07,0.5500000000000003,0.7544788273615635,0.7899716177861873,0.6866776315789473,0.7347118345798503,0.8273470660016977,0.7347118345798503
10,1e-07,0.5600000000000003,0.7512214983713354,0.7911453320500481,0.6759868421052632,0.7290465631929046,0.8273470660016977,0.7290465631929046
10,1e-07,0.5700000000000003,0.7520358306188925,0.7996051332675223,0.6661184210526315,0.7267833109017495,0.8273470660016977,0.7267833109017495
10,1e-07,0.5800000000000003,0.749185667752443,0.803030303030303,0.6537828947368421,0.7207615593834995,0.8273470660016977,0.7207615593834995
10,1e-07,0.5900000000000003,0.7495928338762216,0.8094747682801235,0.6463815789473685,0.7187928669410152,0.8273470660016977,0.7187928669410152
10,1e-07,0.6000000000000003,0.749185667752443,0.8151260504201681,0.6381578947368421,0.7158671586715868,0.8273470660016977,0.7158671586715868
10,1e-07,0.6100000000000003,0.745928338762215,0.8175965665236051,0.6266447368421053,0.7094972067039106,0.8273470660016977,0.7094972067039106
10,1e-07,0.6200000000000003,0.7422638436482085,0.8199780461031834,0.6143092105263158,0.702397743300423,0.8273470660016977,0.702397743300423
10,1e-07,0.6300000000000003,0.7390065146579805,0.8219484882418813,0.6036184210526315,0.6960644855381696,0.8273470660016977,0.6960644855381696
10,1e-07,0.6400000000000003,0.7345276872964169,0.8211845102505695,0.5929276315789473,0.6886341929321872,0.8273470660016977,0.6886341929321872
10,1e-07,0.6500000000000004,0.7357491856677525,0.828505214368482,0.5879934210526315,0.6878306878306878,0.8273470660016977,0.6878306878306878
10,1e-07,0.6600000000000004,0.7308631921824105,0.8307508939213349,0.5731907894736842,0.678345498783455,0.8273470660016977,0.678345498783455
10,1e-07,0.6700000000000004,0.7308631921824105,0.8388278388278388,0.5649671052631579,0.6751842751842752,0.8273470660016977,0.6751842751842752
10,1e-07,0.6800000000000004,0.7247557003257329,0.8417721518987342,0.546875,0.6630109670987039,0.8273470660016977,0.6630109670987039
10,1e-07,0.6900000000000004,0.7194625407166124,0.8408796895213454,0.5345394736842105,0.6535947712418301,0.8273470660016977,0.6535947712418301
10,1e-07,0.7000000000000004,0.7162052117263844,0.8428005284015853,0.524671052631579,0.6467308667004561,0.8273470660016977,0.6467308667004561
10,1e-06,0.3,0.7206840390879479,0.6643920595533499,0.8807565789473685,0.7574257425742574,0.8273470660016977,0.7574257425742574
10,1e-06,0.31,0.7243485342019544,0.6702463676563487,0.8725328947368421,0.7581279028224366,0.8273470660016977,0.7581279028224366
10,1e-06,0.32,0.7247557003257329,0.6737451737451737,0.8610197368421053,0.7559566787003611,0.8273470660016977,0.7559566787003611
10,1e-06,0.33,0.7284201954397395,0.6804733727810651,0.8511513157894737,0.7563025210084033,0.8273470660016977,0.7563025210084033
10,1e-06,0.34,0.7328990228013029,0.6871657754010695,0.8453947368421053,0.7581120943952803,0.8273470660016977,0.7581120943952803
10,1e-06,0.35000000000000003,0.7369706840390879,0.6936141304347826,0.8396381578947368,0.7596726190476191,0.8273470660016977,0.7596726190476191
10,1e-06,0.36000000000000004,0.741042345276873,0.6994497936726273,0.8363486842105263,0.7617977528089886,0.8273470660016977,0.7617977528089886
10,1e-06,0.37000000000000005,0.7422638436482085,0.7037037037037037,0.828125,0.7608613524744995,0.8273470660016977,0.7608613524744995
10,1e-06,0.38000000000000006,0.745928338762215,0.7099290780141844,0.8231907894736842,0.7623762376237624,0.8273470660016977,0.7623762376237624
10,1e-06,0.39000000000000007,0.749185667752443,0.7158273381294964,0.8182565789473685,0.7636224098234843,0.8273470660016977,0.7636224098234843
10,1e-06,0.4000000000000001,0.752442996742671,0.7218978102189781,0.8133223684210527,0.7648878576952823,0.8273470660016977,0.7648878576952823
10,1e-06,0.4100000000000001,0.752442996742671,0.7265275707898659,0.8018092105263158,0.7623143080531665,0.8273470660016977,0.7623143080531665
10,1e-06,0.4200000000000001,0.7520358306188925,0.7297501892505678,0.7927631578947368,0.7599527000394166,0.8273470660016977,0.7599527000394166
10,1e-06,0.4300000000000001,0.751628664495114,0.7327188940092166,0.7845394736842105,0.7577442414614773,0.8273470660016977,0.7577442414614773
10,1e-06,0.4400000000000001,0.7528501628664495,0.7377049180327869,0.7771381578947368,0.7569082899479375,0.8273470660016977,0.7569082899479375
10,1e-06,0.4500000000000001,0.754885993485342,0.7436507936507937,0.7705592105263158,0.7568659127625201,0.8273470660016977,0.7568659127625201
10,1e-06,0.46000000000000013,0.753257328990228,0.7443910256410257,0.7639802631578947,0.7540584415584415,0.8273470660016977,0.7540584415584415
10,1e-06,0.47000000000000014,0.752442996742671,0.747557003257329,0.7549342105263158,0.7512274959083469,0.8273470660016977,0.7512274959083469
10,1e-06,0.48000000000000015,0.7520358306188925,0.7527060782681099,0.743421052631579,0.7480347538270584,0.8273470660016977,0.7480347538270584
10,1e-06,0.49000000000000016,0.754885993485342,0.7597292724196277,0.7384868421052632,0.7489574645537949,0.8273470660016977,0.7489574645537949
10,1e-06,0.5000000000000002,0.754885993485342,0.7655709342560554,0.727796052631579,0.7462057335581789,0.8273470660016977,0.7462057335581789
10,1e-06,0.5100000000000002,0.755700325732899,0.772566371681416,0.7179276315789473,0.7442455242966751,0.8273470660016977,0.7442455242966751
10,1e-06,0.5200000000000002,0.754071661237785,0.776173285198556,0.7072368421052632,0.7401032702237522,0.8273470660016977,0.7401032702237522
10,1e-06,0.5300000000000002,0.754885993485342,0.781651376146789,0.7006578947368421,0.7389418907198613,0.8273470660016977,0.7389418907198613
10,1e-06,0.5400000000000003,0.753257328990228,0.7845149253731343,0.6916118421052632,0.7351398601398601,0.8273470660016977,0.7351398601398601
10,1e-06,0.5500000000000003,0.7544788273615635,0.7899716177861873,0.6866776315789473,0.7347118345798503,0.8273470660016977,0.7347118345798503
10,1e-06,0.5600000000000003,0.7512214983713354,0.7911453320500481,0.6759868421052632,0.7290465631929046,0.8273470660016977,0.7290465631929046
10,1e-06,0.5700000000000003,0.7520358306188925,0.7996051332675223,0.6661184210526315,0.7267833109017495,0.8273470660016977,0.7267833109017495
10,1e-06,0.5800000000000003,0.749185667752443,0.803030303030303,0.6537828947368421,0.7207615593834995,0.8273470660016977,0.7207615593834995
10,1e-06,0.5900000000000003,0.7495928338762216,0.8094747682801235,0.6463815789473685,0.7187928669410152,0.8273470660016977,0.7187928669410152
10,1e-06,0.6000000000000003,0.749185667752443,0.8151260504201681,0.6381578947368421,0.7158671586715868,0.8273470660016977,0.7158671586715868
10,1e-06,0.6100000000000003,0.745928338762215,0.8175965665236051,0.6266447368421053,0.7094972067039106,0.8273470660016977,0.7094972067039106
10,1e-06,0.6200000000000003,0.7422638436482085,0.8199780461031834,0.6143092105263158,0.702397743300423,0.8273470660016977,0.702397743300423
10,1e-06,0.6300000000000003,0.7390065146579805,0.8219484882418813,0.6036184210526315,0.6960644855381696,0.8273470660016977,0.6960644855381696
10,1e-06,0.6400000000000003,0.7345276872964169,0.8211845102505695,0.5929276315789473,0.6886341929321872,0.8273470660016977,0.6886341929321872
10,1e-06,0.6500000000000004,0.7357491856677525,0.828505214368482,0.5879934210526315,0.6878306878306878,0.8273470660016977,0.6878306878306878
10,1e-06,0.6600000000000004,0.7308631921824105,0.8307508939213349,0.5731907894736842,0.678345498783455,0.8273470660016977,0.678345498783455
10,1e-06,0.6700000000000004,0.7308631921824105,0.8388278388278388,0.5649671052631579,0.6751842751842752,0.8273470660016977,0.6751842751842752
10,1e-06,0.6800000000000004,0.7247557003257329,0.8417721518987342,0.546875,0.6630109670987039,0.8273470660016977,0.6630109670987039
10,1e-06,0.6900000000000004,0.7194625407166124,0.8408796895213454,0.5345394736842105,0.6535947712418301,0.8273470660016977,0.6535947712418301
10,1e-06,0.7000000000000004,0.7162052117263844,0.8428005284015853,0.524671052631579,0.6467308667004561,0.8273470660016977,0.6467308667004561
10,1e-05,0.3,0.7206840390879479,0.6643920595533499,0.8807565789473685,0.7574257425742574,0.8273470660016977,0.7574257425742574
10,1e-05,0.31,0.7243485342019544,0.6702463676563487,0.8725328947368421,0.7581279028224366,0.8273470660016977,0.7581279028224366
10,1e-05,0.32,0.7247557003257329,0.6737451737451737,0.8610197368421053,0.7559566787003611,0.8273470660016977,0.7559566787003611
10,1e-05,0.33,0.7284201954397395,0.6804733727810651,0.8511513157894737,0.7563025210084033,0.8273470660016977,0.7563025210084033
10,1e-05,0.34,0.7328990228013029,0.6871657754010695,0.8453947368421053,0.7581120943952803,0.8273470660016977,0.7581120943952803
10,1e-05,0.35000000000000003,0.7369706840390879,0.6936141304347826,0.8396381578947368,0.7596726190476191,0.8273470660016977,0.7596726190476191
10,1e-05,0.36000000000000004,0.741042345276873,0.6994497936726273,0.8363486842105263,0.7617977528089886,0.8273470660016977,0.7617977528089886
10,1e-05,0.37000000000000005,0.7422638436482085,0.7037037037037037,0.828125,0.7608613524744995,0.8273470660016977,0.7608613524744995
10,1e-05,0.38000000000000006,0.745928338762215,0.7099290780141844,0.8231907894736842,0.7623762376237624,0.8273470660016977,0.7623762376237624
10,1e-05,0.39000000000000007,0.749185667752443,0.7158273381294964,0.8182565789473685,0.7636224098234843,0.8273470660016977,0.7636224098234843
10,1e-05,0.4000000000000001,0.752442996742671,0.7218978102189781,0.8133223684210527,0.7648878576952823,0.8273470660016977,0.7648878576952823
10,1e-05,0.4100000000000001,0.752442996742671,0.7265275707898659,0.8018092105263158,0.7623143080531665,0.8273470660016977,0.7623143080531665
10,1e-05,0.4200000000000001,0.7520358306188925,0.7297501892505678,0.7927631578947368,0.7599527000394166,0.8273470660016977,0.7599527000394166
10,1e-05,0.4300000000000001,0.751628664495114,0.7327188940092166,0.7845394736842105,0.7577442414614773,0.8273470660016977,0.7577442414614773
10,1e-05,0.4400000000000001,0.7528501628664495,0.7377049180327869,0.7771381578947368,0.7569082899479375,0.8273470660016977,0.7569082899479375
10,1e-05,0.4500000000000001,0.754885993485342,0.7436507936507937,0.7705592105263158,0.7568659127625201,0.8273470660016977,0.7568659127625201
10,1e-05,0.46000000000000013,0.753257328990228,0.7443910256410257,0.7639802631578947,0.7540584415584415,0.8273470660016977,0.7540584415584415
10,1e-05,0.47000000000000014,0.752442996742671,0.747557003257329,0.7549342105263158,0.7512274959083469,0.8273470660016977,0.7512274959083469
10,1e-05,0.48000000000000015,0.7520358306188925,0.7527060782681099,0.743421052631579,0.7480347538270584,0.8273470660016977,0.7480347538270584
10,1e-05,0.49000000000000016,0.754885993485342,0.7597292724196277,0.7384868421052632,0.7489574645537949,0.8273470660016977,0.7489574645537949
10,1e-05,0.5000000000000002,0.754885993485342,0.7655709342560554,0.727796052631579,0.7462057335581789,0.8273470660016977,0.7462057335581789
10,1e-05,0.5100000000000002,0.755700325732899,0.772566371681416,0.7179276315789473,0.7442455242966751,0.8273470660016977,0.7442455242966751
10,1e-05,0.5200000000000002,0.754071661237785,0.776173285198556,0.7072368421052632,0.7401032702237522,0.8273470660016977,0.7401032702237522
10,1e-05,0.5300000000000002,0.754885993485342,0.781651376146789,0.7006578947368421,0.7389418907198613,0.8273470660016977,0.7389418907198613
10,1e-05,0.5400000000000003,0.753257328990228,0.7845149253731343,0.6916118421052632,0.7351398601398601,0.8273470660016977,0.7351398601398601
10,1e-05,0.5500000000000003,0.7544788273615635,0.7899716177861873,0.6866776315789473,0.7347118345798503,0.8273470660016977,0.7347118345798503
10,1e-05,0.5600000000000003,0.7512214983713354,0.7911453320500481,0.6759868421052632,0.7290465631929046,0.8273470660016977,0.7290465631929046
10,1e-05,0.5700000000000003,0.7520358306188925,0.7996051332675223,0.6661184210526315,0.7267833109017495,0.8273470660016977,0.7267833109017495
10,1e-05,0.5800000000000003,0.749185667752443,0.803030303030303,0.6537828947368421,0.7207615593834995,0.8273470660016977,0.7207615593834995
10,1e-05,0.5900000000000003,0.7495928338762216,0.8094747682801235,0.6463815789473685,0.7187928669410152,0.8273470660016977,0.7187928669410152
10,1e-05,0.6000000000000003,0.749185667752443,0.8151260504201681,0.6381578947368421,0.7158671586715868,0.8273470660016977,0.7158671586715868
10,1e-05,0.6100000000000003,0.745928338762215,0.8175965665236051,0.6266447368421053,0.7094972067039106,0.8273470660016977,0.7094972067039106
10,1e-05,0.6200000000000003,0.7422638436482085,0.8199780461031834,0.6143092105263158,0.702397743300423,0.8273470660016977,0.702397743300423
10,1e-05,0.6300000000000003,0.7390065146579805,0.8219484882418813,0.6036184210526315,0.6960644855381696,0.8273470660016977,0.6960644855381696
10,1e-05,0.6400000000000003,0.7345276872964169,0.8211845102505695,0.5929276315789473,0.6886341929321872,0.8273470660016977,0.6886341929321872
10,1e-05,0.6500000000000004,0.7357491856677525,0.828505214368482,0.5879934210526315,0.6878306878306878,0.8273470660016977,0.6878306878306878
10,1e-05,0.6600000000000004,0.7308631921824105,0.8307508939213349,0.5731907894736842,0.678345498783455,0.8273470660016977,0.678345498783455
10,1e-05,0.6700000000000004,0.7308631921824105,0.8388278388278388,0.5649671052631579,0.6751842751842752,0.8273470660016977,0.6751842751842752
10,1e-05,0.6800000000000004,0.7247557003257329,0.8417721518987342,0.546875,0.6630109670987039,0.8273470660016977,0.6630109670987039
10,1e-05,0.6900000000000004,0.7194625407166124,0.8408796895213454,0.5345394736842105,0.6535947712418301,0.8273470660016977,0.6535947712418301
10,1e-05,0.7000000000000004,0.7162052117263844,0.8428005284015853,0.524671052631579,0.6467308667004561,0.8273470660016977,0.6467308667004561
11,1e-12,0.3,0.7206840390879479,0.6643920595533499,0.8807565789473685,0.7574257425742574,0.827327169991511,0.7574257425742574
11,1e-12,0.31,0.7239413680781759,0.6698232323232324,0.8725328947368421,0.7578571428571429,0.827327169991511,0.7578571428571429
11,1e-12,0.32,0.7243485342019544,0.6735350933676755,0.8601973684210527,0.7555074033947273,0.827327169991511,0.7555074033947273
11,1e-12,0.33,0.7284201954397395,0.6804733727810651,0.8511513157894737,0.7563025210084033,0.827327169991511,0.7563025210084033
11,1e-12,0.34,0.7324918566775245,0.6867067468269873,0.8453947368421053,0.7578326575746405,0.827327169991511,0.7578326575746405
11,1e-12,0.35000000000000003,0.7373778501628665,0.6940856560163154,0.8396381578947368,0.7599553405284704,0.827327169991511,0.7599553405284704
11,1e-12,0.36000000000000004,0.741042345276873,0.6994497936726273,0.8363486842105263,0.7617977528089886,0.827327169991511,0.7617977528089886
11,1e-12,0.37000000000000005,0.742671009771987,0.7041958041958042,0.828125,0.761148904006047,0.827327169991511,0.761148904006047
11,1e-12,0.38000000000000006,0.745928338762215,0.7099290780141844,0.8231907894736842,0.7623762376237624,0.827327169991511,0.7623762376237624
11,1e-12,0.39000000000000007,0.7495928338762216,0.7160316319194824,0.819078947368421,0.7640966628308401,0.827327169991511,0.7640966628308401
11,1e-12,0.4000000000000001,0.7520358306188925,0.7216946676406136,0.8125,0.7644100580270793,0.827327169991511,0.7644100580270793
11,1e-12,0.4100000000000001,0.752442996742671,0.7261904761904762,0.8026315789473685,0.7625,0.827327169991511,0.7625
11,1e-12,0.4200000000000001,0.7512214983713354,0.7293404094010614,0.7911184210526315,0.7589743589743589,0.827327169991511,0.7589743589743589
11,1e-12,0.4300000000000001,0.751628664495114,0.7323619631901841,0.7853618421052632,0.7579365079365079,0.827327169991511,0.7579365079365079
11,1e-12,0.4400000000000001,0.752442996742671,0.7375,0.7763157894736842,0.7564102564102564,0.827327169991511,0.7564102564102564
11,1e-12,0.4500000000000001,0.754885993485342,0.7436507936507937,0.7705592105263158,0.7568659127625201,0.827327169991511,0.7568659127625201
11,1e-12,0.46000000000000013,0.7536644951140065,0.7445956765412329,0.7648026315789473,0.7545638945233265,0.827327169991511,0.7545638945233265
11,1e-12,0.47000000000000014,0.7528501628664495,0.7477624084621644,0.7557565789473685,0.7517382413087934,0.827327169991511,0.7517382413087934
11,1e-12,0.48000000000000015,0.750814332247557,0.7516666666666667,0.7417763157894737,0.7466887417218543,0.827327169991511,0.7466887417218543
11,1e-12,0.49000000000000016,0.7544788273615635,0.7590870667793744,0.7384868421052632,0.7486452688620258,0.827327169991511,0.7486452688620258
11,1e-12,0.5000000000000002,0.7561074918566775,0.7670995670995671,0.7286184210526315,0.7473639814424293,0.827327169991511,0.7473639814424293
11,1e-12,0.5100000000000002,0.7552931596091205,0.7718832891246684,0.7179276315789473,0.743928419258628,0.827327169991511,0.743928419258628
11,1e-12,0.5200000000000002,0.7536644951140065,0.7759710930442638,0.7064144736842105,0.7395609126130006,0.827327169991511,0.7395609126130006
11,1e-12,0.5300000000000002,0.7544788273615635,0.7814508723599632,0.6998355263157895,0.7383947939262473,0.827327169991511,0.7383947939262473
11,1e-12,0.5400000000000003,0.7536644951140065,0.7852474323062558,0.6916118421052632,0.7354613030170529,0.827327169991511,0.7354613030170529
11,1e-12,0.5500000000000003,0.754885993485342,0.7901701323251418,0.6875,0.7352682497801232,0.827327169991511,0.7352682497801232
11,1e-12,0.5600000000000003,0.7512214983713354,0.7911453320500481,0.6759868421052632,0.7290465631929046,0.827327169991511,0.7290465631929046
11,1e-12,0.5700000000000003,0.7504071661237784,0.7976307996051333,0.6644736842105263,0.7249887842081651,0.827327169991511,0.7249887842081651
11,1e-12,0.5800000000000003,0.749185667752443,0.803030303030303,0.6537828947368421,0.7207615593834995,0.827327169991511,0.7207615593834995
11,1e-12,0.5900000000000003,0.7495928338762216,0.8094747682801235,0.6463815789473685,0.7187928669410152,0.827327169991511,0.7187928669410152
11,1e-12,0.6000000000000003,0.749185667752443,0.8151260504201681,0.6381578947368421,0.7158671586715868,0.827327169991511,0.7158671586715868
11,1e-12,0.6100000000000003,0.745928338762215,0.8175965665236051,0.6266447368421053,0.7094972067039106,0.827327169991511,0.7094972067039106
11,1e-12,0.6200000000000003,0.7422638436482085,0.8192771084337349,0.6151315789473685,0.7026773132926256,0.827327169991511,0.7026773132926256
11,1e-12,0.6300000000000003,0.7398208469055375,0.8223463687150838,0.6052631578947368,0.6972998578872572,0.827327169991511,0.6972998578872572
11,1e-12,0.6400000000000003,0.7349348534201955,0.82212086659065,0.5929276315789473,0.6889632107023412,0.827327169991511,0.6889632107023412
11,1e-12,0.6500000000000004,0.7361563517915309,0.8287037037037037,0.5888157894736842,0.6884615384615385,0.827327169991511,0.6884615384615385
11,1e-12,0.6600000000000004,0.7316775244299675,0.831942789034565,0.5740131578947368,0.6793187347931874,0.827327169991511,0.6793187347931874
11,1e-12,0.6700000000000004,0.7304560260586319,0.8378048780487805,0.5649671052631579,0.674852652259332,0.827327169991511,0.674852652259332
11,1e-12,0.6800000000000004,0.7243485342019544,0.8407079646017699,0.546875,0.6626806178375685,0.827327169991511,0.6626806178375685
11,1e-12,0.6900000000000004,0.7194625407166124,0.8408796895213454,0.5345394736842105,0.6535947712418301,0.827327169991511,0.6535947712418301
11,1e-12,0.7000000000000004,0.7166123778501629,0.8430079155672823,0.5254934210526315,0.64741641337386,0.827327169991511,0.64741641337386
11,1e-10,0.3,0.7206840390879479,0.6643920595533499,0.8807565789473685,0.7574257425742574,0.827327169991511,0.7574257425742574
11,1e-10,0.31,0.7239413680781759,0.6698232323232324,0.8725328947368421,0.7578571428571429,0.827327169991511,0.7578571428571429
11,1e-10,0.32,0.7243485342019544,0.6735350933676755,0.8601973684210527,0.7555074033947273,0.827327169991511,0.7555074033947273
11,1e-10,0.33,0.7284201954397395,0.6804733727810651,0.8511513157894737,0.7563025210084033,0.827327169991511,0.7563025210084033
11,1e-10,0.34,0.7324918566775245,0.6867067468269873,0.8453947368421053,0.7578326575746405,0.827327169991511,0.7578326575746405
11,1e-10,0.35000000000000003,0.7373778501628665,0.6940856560163154,0.8396381578947368,0.7599553405284704,0.827327169991511,0.7599553405284704
11,1e-10,0.36000000000000004,0.741042345276873,0.6994497936726273,0.8363486842105263,0.7617977528089886,0.827327169991511,0.7617977528089886
11,1e-10,0.37000000000000005,0.742671009771987,0.7041958041958042,0.828125,0.761148904006047,0.827327169991511,0.761148904006047
11,1e-10,0.38000000000000006,0.745928338762215,0.7099290780141844,0.8231907894736842,0.7623762376237624,0.827327169991511,0.7623762376237624
11,1e-10,0.39000000000000007,0.7495928338762216,0.7160316319194824,0.819078947368421,0.7640966628308401,0.827327169991511,0.7640966628308401
11,1e-10,0.4000000000000001,0.7520358306188925,0.7216946676406136,0.8125,0.7644100580270793,0.827327169991511,0.7644100580270793
11,1e-10,0.4100000000000001,0.752442996742671,0.7261904761904762,0.8026315789473685,0.7625,0.827327169991511,0.7625
11,1e-10,0.4200000000000001,0.7512214983713354,0.7293404094010614,0.7911184210526315,0.7589743589743589,0.827327169991511,0.7589743589743589
11,1e-10,0.4300000000000001,0.751628664495114,0.7323619631901841,0.7853618421052632,0.7579365079365079,0.827327169991511,0.7579365079365079
11,1e-10,0.4400000000000001,0.752442996742671,0.7375,0.7763157894736842,0.7564102564102564,0.827327169991511,0.7564102564102564
11,1e-10,0.4500000000000001,0.754885993485342,0.7436507936507937,0.7705592105263158,0.7568659127625201,0.827327169991511,0.7568659127625201
11,1e-10,0.46000000000000013,0.7536644951140065,0.7445956765412329,0.7648026315789473,0.7545638945233265,0.827327169991511,0.7545638945233265
11,1e-10,0.47000000000000014,0.7528501628664495,0.7477624084621644,0.7557565789473685,0.7517382413087934,0.827327169991511,0.7517382413087934
11,1e-10,0.48000000000000015,0.750814332247557,0.7516666666666667,0.7417763157894737,0.7466887417218543,0.827327169991511,0.7466887417218543
11,1e-10,0.49000000000000016,0.7544788273615635,0.7590870667793744,0.7384868421052632,0.7486452688620258,0.827327169991511,0.7486452688620258
11,1e-10,0.5000000000000002,0.7561074918566775,0.7670995670995671,0.7286184210526315,0.7473639814424293,0.827327169991511,0.7473639814424293
11,1e-10,0.5100000000000002,0.7552931596091205,0.7718832891246684,0.7179276315789473,0.743928419258628,0.827327169991511,0.743928419258628
11,1e-10,0.5200000000000002,0.7536644951140065,0.7759710930442638,0.7064144736842105,0.7395609126130006,0.827327169991511,0.7395609126130006
11,1e-10,0.5300000000000002,0.7544788273615635,0.7814508723599632,0.6998355263157895,0.7383947939262473,0.827327169991511,0.7383947939262473
11,1e-10,0.5400000000000003,0.7536644951140065,0.7852474323062558,0.6916118421052632,0.7354613030170529,0.827327169991511,0.7354613030170529
11,1e-10,0.5500000000000003,0.754885993485342,0.7901701323251418,0.6875,0.7352682497801232,0.827327169991511,0.7352682497801232
11,1e-10,0.5600000000000003,0.7512214983713354,0.7911453320500481,0.6759868421052632,0.7290465631929046,0.827327169991511,0.7290465631929046
11,1e-10,0.5700000000000003,0.7504071661237784,0.7976307996051333,0.6644736842105263,0.7249887842081651,0.827327169991511,0.7249887842081651
11,1e-10,0.5800000000000003,0.749185667752443,0.803030303030303,0.6537828947368421,0.7207615593834995,0.827327169991511,0.7207615593834995
11,1e-10,0.5900000000000003,0.7495928338762216,0.8094747682801235,0.6463815789473685,0.7187928669410152,0.827327169991511,0.7187928669410152
11,1e-10,0.6000000000000003,0.749185667752443,0.8151260504201681,0.6381578947368421,0.7158671586715868,0.827327169991511,0.7158671586715868
11,1e-10,0.6100000000000003,0.745928338762215,0.8175965665236051,0.6266447368421053,0.7094972067039106,0.827327169991511,0.7094972067039106
11,1e-10,0.6200000000000003,0.7422638436482085,0.8192771084337349,0.6151315789473685,0.7026773132926256,0.827327169991511,0.7026773132926256
11,1e-10,0.6300000000000003,0.7398208469055375,0.8223463687150838,0.6052631578947368,0.6972998578872572,0.827327169991511,0.6972998578872572
11,1e-10,0.6400000000000003,0.7349348534201955,0.82212086659065,0.5929276315789473,0.6889632107023412,0.827327169991511,0.6889632107023412
11,1e-10,0.6500000000000004,0.7361563517915309,0.8287037037037037,0.5888157894736842,0.6884615384615385,0.827327169991511,0.6884615384615385
11,1e-10,0.6600000000000004,0.7316775244299675,0.831942789034565,0.5740131578947368,0.6793187347931874,0.827327169991511,0.6793187347931874
11,1e-10,0.6700000000000004,0.7304560260586319,0.8378048780487805,0.5649671052631579,0.674852652259332,0.827327169991511,0.674852652259332
11,1e-10,0.6800000000000004,0.7243485342019544,0.8407079646017699,0.546875,0.6626806178375685,0.827327169991511,0.6626806178375685
11,1e-10,0.6900000000000004,0.7194625407166124,0.8408796895213454,0.5345394736842105,0.6535947712418301,0.827327169991511,0.6535947712418301
11,1e-10,0.7000000000000004,0.7166123778501629,0.8430079155672823,0.5254934210526315,0.64741641337386,0.827327169991511,0.64741641337386
11,1e-09,0.3,0.7206840390879479,0.6643920595533499,0.8807565789473685,0.7574257425742574,0.827327169991511,0.7574257425742574
11,1e-09,0.31,0.7239413680781759,0.6698232323232324,0.8725328947368421,0.7578571428571429,0.827327169991511,0.7578571428571429
11,1e-09,0.32,0.7243485342019544,0.6735350933676755,0.8601973684210527,0.7555074033947273,0.827327169991511,0.7555074033947273
11,1e-09,0.33,0.7284201954397395,0.6804733727810651,0.8511513157894737,0.7563025210084033,0.827327169991511,0.7563025210084033
11,1e-09,0.34,0.7324918566775245,0.6867067468269873,0.8453947368421053,0.7578326575746405,0.827327169991511,0.7578326575746405
11,1e-09,0.35000000000000003,0.7373778501628665,0.6940856560163154,0.8396381578947368,0.7599553405284704,0.827327169991511,0.7599553405284704
11,1e-09,0.36000000000000004,0.741042345276873,0.6994497936726273,0.8363486842105263,0.7617977528089886,0.827327169991511,0.7617977528089886
11,1e-09,0.37000000000000005,0.742671009771987,0.7041958041958042,0.828125,0.761148904006047,0.827327169991511,0.761148904006047
11,1e-09,0.38000000000000006,0.745928338762215,0.7099290780141844,0.8231907894736842,0.7623762376237624,0.827327169991511,0.7623762376237624
11,1e-09,0.39000000000000007,0.7495928338762216,0.7160316319194824,0.819078947368421,0.7640966628308401,0.827327169991511,0.7640966628308401
11,1e-09,0.4000000000000001,0.7520358306188925,0.7216946676406136,0.8125,0.7644100580270793,0.827327169991511,0.7644100580270793
11,1e-09,0.4100000000000001,0.752442996742671,0.7261904761904762,0.8026315789473685,0.7625,0.827327169991511,0.7625
11,1e-09,0.4200000000000001,0.7512214983713354,0.7293404094010614,0.7911184210526315,0.7589743589743589,0.827327169991511,0.7589743589743589
11,1e-09,0.4300000000000001,0.751628664495114,0.7323619631901841,0.7853618421052632,0.7579365079365079,0.827327169991511,0.7579365079365079
11,1e-09,0.4400000000000001,0.752442996742671,0.7375,0.7763157894736842,0.7564102564102564,0.827327169991511,0.7564102564102564
11,1e-09,0.4500000000000001,0.754885993485342,0.7436507936507937,0.7705592105263158,0.7568659127625201,0.827327169991511,0.7568659127625201
11,1e-09,0.46000000000000013,0.7536644951140065,0.7445956765412329,0.7648026315789473,0.7545638945233265,0.827327169991511,0.7545638945233265
11,1e-09,0.47000000000000014,0.7528501628664495,0.7477624084621644,0.7557565789473685,0.7517382413087934,0.827327169991511,0.7517382413087934
11,1e-09,0.48000000000000015,0.750814332247557,0.7516666666666667,0.7417763157894737,0.7466887417218543,0.827327169991511,0.7466887417218543
11,1e-09,0.49000000000000016,0.7544788273615635,0.7590870667793744,0.7384868421052632,0.7486452688620258,0.827327169991511,0.7486452688620258
11,1e-09,0.5000000000000002,0.7561074918566775,0.7670995670995671,0.7286184210526315,0.7473639814424293,0.827327169991511,0.7473639814424293
11,1e-09,0.5100000000000002,0.7552931596091205,0.7718832891246684,0.7179276315789473,0.743928419258628,0.827327169991511,0.743928419258628
11,1e-09,0.5200000000000002,0.7536644951140065,0.7759710930442638,0.7064144736842105,0.7395609126130006,0.827327169991511,0.7395609126130006
11,1e-09,0.5300000000000002,0.7544788273615635,0.7814508723599632,0.6998355263157895,0.7383947939262473,0.827327169991511,0.7383947939262473
11,1e-09,0.5400000000000003,0.7536644951140065,0.7852474323062558,0.6916118421052632,0.7354613030170529,0.827327169991511,0.7354613030170529
11,1e-09,0.5500000000000003,0.754885993485342,0.7901701323251418,0.6875,0.7352682497801232,0.827327169991511,0.7352682497801232
11,1e-09,0.5600000000000003,0.7512214983713354,0.7911453320500481,0.6759868421052632,0.7290465631929046,0.827327169991511,0.7290465631929046
11,1e-09,0.5700000000000003,0.7504071661237784,0.7976307996051333,0.6644736842105263,0.7249887842081651,0.827327169991511,0.7249887842081651
11,1e-09,0.5800000000000003,0.749185667752443,0.803030303030303,0.6537828947368421,0.7207615593834995,0.827327169991511,0.7207615593834995
11,1e-09,0.5900000000000003,0.7495928338762216,0.8094747682801235,0.6463815789473685,0.7187928669410152,0.827327169991511,0.7187928669410152
11,1e-09,0.6000000000000003,0.749185667752443,0.8151260504201681,0.6381578947368421,0.7158671586715868,0.827327169991511,0.7158671586715868
11,1e-09,0.6100000000000003,0.745928338762215,0.8175965665236051,0.6266447368421053,0.7094972067039106,0.827327169991511,0.7094972067039106
11,1e-09,0.6200000000000003,0.7422638436482085,0.8192771084337349,0.6151315789473685,0.7026773132926256,0.827327169991511,0.7026773132926256
11,1e-09,0.6300000000000003,0.7398208469055375,0.8223463687150838,0.6052631578947368,0.6972998578872572,0.827327169991511,0.6972998578872572
11,1e-09,0.6400000000000003,0.7349348534201955,0.82212086659065,0.5929276315789473,0.6889632107023412,0.827327169991511,0.6889632107023412
11,1e-09,0.6500000000000004,0.7361563517915309,0.8287037037037037,0.5888157894736842,0.6884615384615385,0.827327169991511,0.6884615384615385
11,1e-09,0.6600000000000004,0.7316775244299675,0.831942789034565,0.5740131578947368,0.6793187347931874,0.827327169991511,0.6793187347931874
11,1e-09,0.6700000000000004,0.7304560260586319,0.8378048780487805,0.5649671052631579,0.674852652259332,0.827327169991511,0.674852652259332
11,1e-09,0.6800000000000004,0.7243485342019544,0.8407079646017699,0.546875,0.6626806178375685,0.827327169991511,0.6626806178375685
11,1e-09,0.6900000000000004,0.7194625407166124,0.8408796895213454,0.5345394736842105,0.6535947712418301,0.827327169991511,0.6535947712418301
11,1e-09,0.7000000000000004,0.7166123778501629,0.8430079155672823,0.5254934210526315,0.64741641337386,0.827327169991511,0.64741641337386
11,1e-08,0.3,0.7206840390879479,0.6643920595533499,0.8807565789473685,0.7574257425742574,0.827327169991511,0.7574257425742574
11,1e-08,0.31,0.7239413680781759,0.6698232323232324,0.8725328947368421,0.7578571428571429,0.827327169991511,0.7578571428571429
11,1e-08,0.32,0.7243485342019544,0.6735350933676755,0.8601973684210527,0.7555074033947273,0.827327169991511,0.7555074033947273
11,1e-08,0.33,0.7284201954397395,0.6804733727810651,0.8511513157894737,0.7563025210084033,0.827327169991511,0.7563025210084033
11,1e-08,0.34,0.7324918566775245,0.6867067468269873,0.8453947368421053,0.7578326575746405,0.827327169991511,0.7578326575746405
11,1e-08,0.35000000000000003,0.7373778501628665,0.6940856560163154,0.8396381578947368,0.7599553405284704,0.827327169991511,0.7599553405284704
11,1e-08,0.36000000000000004,0.741042345276873,0.6994497936726273,0.8363486842105263,0.7617977528089886,0.827327169991511,0.7617977528089886
11,1e-08,0.37000000000000005,0.742671009771987,0.7041958041958042,0.828125,0.761148904006047,0.827327169991511,0.761148904006047
11,1e-08,0.38000000000000006,0.745928338762215,0.7099290780141844,0.8231907894736842,0.7623762376237624,0.827327169991511,0.7623762376237624
11,1e-08,0.39000000000000007,0.7495928338762216,0.7160316319194824,0.819078947368421,0.7640966628308401,0.827327169991511,0.7640966628308401
11,1e-08,0.4000000000000001,0.7520358306188925,0.7216946676406136,0.8125,0.7644100580270793,0.827327169991511,0.7644100580270793
11,1e-08,0.4100000000000001,0.752442996742671,0.7261904761904762,0.8026315789473685,0.7625,0.827327169991511,0.7625
11,1e-08,0.4200000000000001,0.7512214983713354,0.7293404094010614,0.7911184210526315,0.7589743589743589,0.827327169991511,0.7589743589743589
11,1e-08,0.4300000000000001,0.751628664495114,0.7323619631901841,0.7853618421052632,0.7579365079365079,0.827327169991511,0.7579365079365079
11,1e-08,0.4400000000000001,0.752442996742671,0.7375,0.7763157894736842,0.7564102564102564,0.827327169991511,0.7564102564102564
11,1e-08,0.4500000000000001,0.754885993485342,0.7436507936507937,0.7705592105263158,0.7568659127625201,0.827327169991511,0.7568659127625201
11,1e-08,0.46000000000000013,0.7536644951140065,0.7445956765412329,0.7648026315789473,0.7545638945233265,0.827327169991511,0.7545638945233265
11,1e-08,0.47000000000000014,0.7528501628664495,0.7477624084621644,0.7557565789473685,0.7517382413087934,0.827327169991511,0.7517382413087934
11,1e-08,0.48000000000000015,0.750814332247557,0.7516666666666667,0.7417763157894737,0.7466887417218543,0.827327169991511,0.7466887417218543
11,1e-08,0.49000000000000016,0.7544788273615635,0.7590870667793744,0.7384868421052632,0.7486452688620258,0.827327169991511,0.7486452688620258
11,1e-08,0.5000000000000002,0.7561074918566775,0.7670995670995671,0.7286184210526315,0.7473639814424293,0.827327169991511,0.7473639814424293
11,1e-08,0.5100000000000002,0.7552931596091205,0.7718832891246684,0.7179276315789473,0.743928419258628,0.827327169991511,0.743928419258628
11,1e-08,0.5200000000000002,0.7536644951140065,0.7759710930442638,0.7064144736842105,0.7395609126130006,0.827327169991511,0.7395609126130006
11,1e-08,0.5300000000000002,0.7544788273615635,0.7814508723599632,0.6998355263157895,0.7383947939262473,0.827327169991511,0.7383947939262473
11,1e-08,0.5400000000000003,0.7536644951140065,0.7852474323062558,0.6916118421052632,0.7354613030170529,0.827327169991511,0.7354613030170529
11,1e-08,0.5500000000000003,0.754885993485342,0.7901701323251418,0.6875,0.7352682497801232,0.827327169991511,0.7352682497801232
11,1e-08,0.5600000000000003,0.7512214983713354,0.7911453320500481,0.6759868421052632,0.7290465631929046,0.827327169991511,0.7290465631929046
11,1e-08,0.5700000000000003,0.7504071661237784,0.7976307996051333,0.6644736842105263,0.7249887842081651,0.827327169991511,0.7249887842081651
11,1e-08,0.5800000000000003,0.749185667752443,0.803030303030303,0.6537828947368421,0.7207615593834995,0.827327169991511,0.7207615593834995
11,1e-08,0.5900000000000003,0.7495928338762216,0.8094747682801235,0.6463815789473685,0.7187928669410152,0.827327169991511,0.7187928669410152
11,1e-08,0.6000000000000003,0.749185667752443,0.8151260504201681,0.6381578947368421,0.7158671586715868,0.827327169991511,0.7158671586715868
11,1e-08,0.6100000000000003,0.745928338762215,0.8175965665236051,0.6266447368421053,0.7094972067039106,0.827327169991511,0.7094972067039106
11,1e-08,0.6200000000000003,0.7422638436482085,0.8192771084337349,0.6151315789473685,0.7026773132926256,0.827327169991511,0.7026773132926256
11,1e-08,0.6300000000000003,0.7398208469055375,0.8223463687150838,0.6052631578947368,0.6972998578872572,0.827327169991511,0.6972998578872572
11,1e-08,0.6400000000000003,0.7349348534201955,0.82212086659065,0.5929276315789473,0.6889632107023412,0.827327169991511,0.6889632107023412
11,1e-08,0.6500000000000004,0.7361563517915309,0.8287037037037037,0.5888157894736842,0.6884615384615385,0.827327169991511,0.6884615384615385
11,1e-08,0.6600000000000004,0.7316775244299675,0.831942789034565,0.5740131578947368,0.6793187347931874,0.827327169991511,0.6793187347931874
11,1e-08,0.6700000000000004,0.7304560260586319,0.8378048780487805,0.5649671052631579,0.674852652259332,0.827327169991511,0.674852652259332
11,1e-08,0.6800000000000004,0.7243485342019544,0.8407079646017699,0.546875,0.6626806178375685,0.827327169991511,0.6626806178375685
11,1e-08,0.6900000000000004,0.7194625407166124,0.8408796895213454,0.5345394736842105,0.6535947712418301,0.827327169991511,0.6535947712418301
11,1e-08,0.7000000000000004,0.7166123778501629,0.8430079155672823,0.5254934210526315,0.64741641337386,0.827327169991511,0.64741641337386
11,1e-07,0.3,0.7206840390879479,0.6643920595533499,0.8807565789473685,0.7574257425742574,0.827327169991511,0.7574257425742574
11,1e-07,0.31,0.7239413680781759,0.6698232323232324,0.8725328947368421,0.7578571428571429,0.827327169991511,0.7578571428571429
11,1e-07,0.32,0.7243485342019544,0.6735350933676755,0.8601973684210527,0.7555074033947273,0.827327169991511,0.7555074033947273
11,1e-07,0.33,0.7284201954397395,0.6804733727810651,0.8511513157894737,0.7563025210084033,0.827327169991511,0.7563025210084033
11,1e-07,0.34,0.7324918566775245,0.6867067468269873,0.8453947368421053,0.7578326575746405,0.827327169991511,0.7578326575746405
11,1e-07,0.35000000000000003,0.7373778501628665,0.6940856560163154,0.8396381578947368,0.7599553405284704,0.827327169991511,0.7599553405284704
11,1e-07,0.36000000000000004,0.741042345276873,0.6994497936726273,0.8363486842105263,0.7617977528089886,0.827327169991511,0.7617977528089886
11,1e-07,0.37000000000000005,0.742671009771987,0.7041958041958042,0.828125,0.761148904006047,0.827327169991511,0.761148904006047
11,1e-07,0.38000000000000006,0.745928338762215,0.7099290780141844,0.8231907894736842,0.7623762376237624,0.827327169991511,0.7623762376237624
11,1e-07,0.39000000000000007,0.7495928338762216,0.7160316319194824,0.819078947368421,0.7640966628308401,0.827327169991511,0.7640966628308401
11,1e-07,0.4000000000000001,0.7520358306188925,0.7216946676406136,0.8125,0.7644100580270793,0.827327169991511,0.7644100580270793
11,1e-07,0.4100000000000001,0.752442996742671,0.7261904761904762,0.8026315789473685,0.7625,0.827327169991511,0.7625
11,1e-07,0.4200000000000001,0.7512214983713354,0.7293404094010614,0.7911184210526315,0.7589743589743589,0.827327169991511,0.7589743589743589
11,1e-07,0.4300000000000001,0.751628664495114,0.7323619631901841,0.7853618421052632,0.7579365079365079,0.827327169991511,0.7579365079365079
11,1e-07,0.4400000000000001,0.752442996742671,0.7375,0.7763157894736842,0.7564102564102564,0.827327169991511,0.7564102564102564
11,1e-07,0.4500000000000001,0.754885993485342,0.7436507936507937,0.7705592105263158,0.7568659127625201,0.827327169991511,0.7568659127625201
11,1e-07,0.46000000000000013,0.7536644951140065,0.7445956765412329,0.7648026315789473,0.7545638945233265,0.827327169991511,0.7545638945233265
11,1e-07,0.47000000000000014,0.7528501628664495,0.7477624084621644,0.7557565789473685,0.7517382413087934,0.827327169991511,0.7517382413087934
11,1e-07,0.48000000000000015,0.750814332247557,0.7516666666666667,0.7417763157894737,0.7466887417218543,0.827327169991511,0.7466887417218543
11,1e-07,0.49000000000000016,0.7544788273615635,0.7590870667793744,0.7384868421052632,0.7486452688620258,0.827327169991511,0.7486452688620258
11,1e-07,0.5000000000000002,0.7561074918566775,0.7670995670995671,0.7286184210526315,0.7473639814424293,0.827327169991511,0.7473639814424293
11,1e-07,0.5100000000000002,0.7552931596091205,0.7718832891246684,0.7179276315789473,0.743928419258628,0.827327169991511,0.743928419258628
11,1e-07,0.5200000000000002,0.7536644951140065,0.7759710930442638,0.7064144736842105,0.7395609126130006,0.827327169991511,0.7395609126130006
11,1e-07,0.5300000000000002,0.7544788273615635,0.7814508723599632,0.6998355263157895,0.7383947939262473,0.827327169991511,0.7383947939262473
11,1e-07,0.5400000000000003,0.7536644951140065,0.7852474323062558,0.6916118421052632,0.7354613030170529,0.827327169991511,0.7354613030170529
11,1e-07,0.5500000000000003,0.754885993485342,0.7901701323251418,0.6875,0.7352682497801232,0.827327169991511,0.7352682497801232
11,1e-07,0.5600000000000003,0.7512214983713354,0.7911453320500481,0.6759868421052632,0.7290465631929046,0.827327169991511,0.7290465631929046
11,1e-07,0.5700000000000003,0.7504071661237784,0.7976307996051333,0.6644736842105263,0.7249887842081651,0.827327169991511,0.7249887842081651
11,1e-07,0.5800000000000003,0.749185667752443,0.803030303030303,0.6537828947368421,0.7207615593834995,0.827327169991511,0.7207615593834995
11,1e-07,0.5900000000000003,0.7495928338762216,0.8094747682801235,0.6463815789473685,0.7187928669410152,0.827327169991511,0.7187928669410152
11,1e-07,0.6000000000000003,0.749185667752443,0.8151260504201681,0.6381578947368421,0.7158671586715868,0.827327169991511,0.7158671586715868
11,1e-07,0.6100000000000003,0.745928338762215,0.8175965665236051,0.6266447368421053,0.7094972067039106,0.827327169991511,0.7094972067039106
11,1e-07,0.6200000000000003,0.7422638436482085,0.8192771084337349,0.6151315789473685,0.7026773132926256,0.827327169991511,0.7026773132926256
11,1e-07,0.6300000000000003,0.7398208469055375,0.8223463687150838,0.6052631578947368,0.6972998578872572,0.827327169991511,0.6972998578872572
11,1e-07,0.6400000000000003,0.7349348534201955,0.82212086659065,0.5929276315789473,0.6889632107023412,0.827327169991511,0.6889632107023412
11,1e-07,0.6500000000000004,0.7361563517915309,0.8287037037037037,0.5888157894736842,0.6884615384615385,0.827327169991511,0.6884615384615385
11,1e-07,0.6600000000000004,0.7316775244299675,0.831942789034565,0.5740131578947368,0.6793187347931874,0.827327169991511,0.6793187347931874
11,1e-07,0.6700000000000004,0.7304560260586319,0.8378048780487805,0.5649671052631579,0.674852652259332,0.827327169991511,0.674852652259332
11,1e-07,0.6800000000000004,0.7243485342019544,0.8407079646017699,0.546875,0.6626806178375685,0.827327169991511,0.6626806178375685
11,1e-07,0.6900000000000004,0.7194625407166124,0.8408796895213454,0.5345394736842105,0.6535947712418301,0.827327169991511,0.6535947712418301
11,1e-07,0.7000000000000004,0.7166123778501629,0.8430079155672823,0.5254934210526315,0.64741641337386,0.827327169991511,0.64741641337386
11,1e-06,0.3,0.7206840390879479,0.6643920595533499,0.8807565789473685,0.7574257425742574,0.827327169991511,0.7574257425742574
11,1e-06,0.31,0.7239413680781759,0.6698232323232324,0.8725328947368421,0.7578571428571429,0.827327169991511,0.7578571428571429
11,1e-06,0.32,0.7243485342019544,0.6735350933676755,0.8601973684210527,0.7555074033947273,0.827327169991511,0.7555074033947273
11,1e-06,0.33,0.7284201954397395,0.6804733727810651,0.8511513157894737,0.7563025210084033,0.827327169991511,0.7563025210084033
11,1e-06,0.34,0.7324918566775245,0.6867067468269873,0.8453947368421053,0.7578326575746405,0.827327169991511,0.7578326575746405
11,1e-06,0.35000000000000003,0.7373778501628665,0.6940856560163154,0.8396381578947368,0.7599553405284704,0.827327169991511,0.7599553405284704
11,1e-06,0.36000000000000004,0.741042345276873,0.6994497936726273,0.8363486842105263,0.7617977528089886,0.827327169991511,0.7617977528089886
11,1e-06,0.37000000000000005,0.742671009771987,0.7041958041958042,0.828125,0.761148904006047,0.827327169991511,0.761148904006047
11,1e-06,0.38000000000000006,0.745928338762215,0.7099290780141844,0.8231907894736842,0.7623762376237624,0.827327169991511,0.7623762376237624
11,1e-06,0.39000000000000007,0.7495928338762216,0.7160316319194824,0.819078947368421,0.7640966628308401,0.827327169991511,0.7640966628308401
11,1e-06,0.4000000000000001,0.7520358306188925,0.7216946676406136,0.8125,0.7644100580270793,0.827327169991511,0.7644100580270793
11,1e-06,0.4100000000000001,0.752442996742671,0.7261904761904762,0.8026315789473685,0.7625,0.827327169991511,0.7625
11,1e-06,0.4200000000000001,0.7512214983713354,0.7293404094010614,0.7911184210526315,0.7589743589743589,0.827327169991511,0.7589743589743589
11,1e-06,0.4300000000000001,0.751628664495114,0.7323619631901841,0.7853618421052632,0.7579365079365079,0.827327169991511,0.7579365079365079
11,1e-06,0.4400000000000001,0.752442996742671,0.7375,0.7763157894736842,0.7564102564102564,0.827327169991511,0.7564102564102564
11,1e-06,0.4500000000000001,0.754885993485342,0.7436507936507937,0.7705592105263158,0.7568659127625201,0.827327169991511,0.7568659127625201
11,1e-06,0.46000000000000013,0.7536644951140065,0.7445956765412329,0.7648026315789473,0.7545638945233265,0.827327169991511,0.7545638945233265
11,1e-06,0.47000000000000014,0.7528501628664495,0.7477624084621644,0.7557565789473685,0.7517382413087934,0.827327169991511,0.7517382413087934
11,1e-06,0.48000000000000015,0.750814332247557,0.7516666666666667,0.7417763157894737,0.7466887417218543,0.827327169991511,0.7466887417218543
11,1e-06,0.49000000000000016,0.7544788273615635,0.7590870667793744,0.7384868421052632,0.7486452688620258,0.827327169991511,0.7486452688620258
11,1e-06,0.5000000000000002,0.7561074918566775,0.7670995670995671,0.7286184210526315,0.7473639814424293,0.827327169991511,0.7473639814424293
11,1e-06,0.5100000000000002,0.7552931596091205,0.7718832891246684,0.7179276315789473,0.743928419258628,0.827327169991511,0.743928419258628
11,1e-06,0.5200000000000002,0.7536644951140065,0.7759710930442638,0.7064144736842105,0.7395609126130006,0.827327169991511,0.7395609126130006
11,1e-06,0.5300000000000002,0.7544788273615635,0.7814508723599632,0.6998355263157895,0.7383947939262473,0.827327169991511,0.7383947939262473
11,1e-06,0.5400000000000003,0.7536644951140065,0.7852474323062558,0.6916118421052632,0.7354613030170529,0.827327169991511,0.7354613030170529
11,1e-06,0.5500000000000003,0.754885993485342,0.7901701323251418,0.6875,0.7352682497801232,0.827327169991511,0.7352682497801232
11,1e-06,0.5600000000000003,0.7512214983713354,0.7911453320500481,0.6759868421052632,0.7290465631929046,0.827327169991511,0.7290465631929046
11,1e-06,0.5700000000000003,0.7504071661237784,0.7976307996051333,0.6644736842105263,0.7249887842081651,0.827327169991511,0.7249887842081651
11,1e-06,0.5800000000000003,0.749185667752443,0.803030303030303,0.6537828947368421,0.7207615593834995,0.827327169991511,0.7207615593834995
11,1e-06,0.5900000000000003,0.7495928338762216,0.8094747682801235,0.6463815789473685,0.7187928669410152,0.827327169991511,0.7187928669410152
11,1e-06,0.6000000000000003,0.749185667752443,0.8151260504201681,0.6381578947368421,0.7158671586715868,0.827327169991511,0.7158671586715868
11,1e-06,0.6100000000000003,0.745928338762215,0.8175965665236051,0.6266447368421053,0.7094972067039106,0.827327169991511,0.7094972067039106
11,1e-06,0.6200000000000003,0.7422638436482085,0.8192771084337349,0.6151315789473685,0.7026773132926256,0.827327169991511,0.7026773132926256
11,1e-06,0.6300000000000003,0.7398208469055375,0.8223463687150838,0.6052631578947368,0.6972998578872572,0.827327169991511,0.6972998578872572
11,1e-06,0.6400000000000003,0.7349348534201955,0.82212086659065,0.5929276315789473,0.6889632107023412,0.827327169991511,0.6889632107023412
11,1e-06,0.6500000000000004,0.7361563517915309,0.8287037037037037,0.5888157894736842,0.6884615384615385,0.827327169991511,0.6884615384615385
11,1e-06,0.6600000000000004,0.7316775244299675,0.831942789034565,0.5740131578947368,0.6793187347931874,0.827327169991511,0.6793187347931874
11,1e-06,0.6700000000000004,0.7304560260586319,0.8378048780487805,0.5649671052631579,0.674852652259332,0.827327169991511,0.674852652259332
11,1e-06,0.6800000000000004,0.7243485342019544,0.8407079646017699,0.546875,0.6626806178375685,0.827327169991511,0.6626806178375685
11,1e-06,0.6900000000000004,0.7194625407166124,0.8408796895213454,0.5345394736842105,0.6535947712418301,0.827327169991511,0.6535947712418301
11,1e-06,0.7000000000000004,0.7166123778501629,0.8430079155672823,0.5254934210526315,0.64741641337386,0.827327169991511,0.64741641337386
11,1e-05,0.3,0.7206840390879479,0.6643920595533499,0.8807565789473685,0.7574257425742574,0.827327169991511,0.7574257425742574
11,1e-05,0.31,0.7239413680781759,0.6698232323232324,0.8725328947368421,0.7578571428571429,0.827327169991511,0.7578571428571429
11,1e-05,0.32,0.7243485342019544,0.6735350933676755,0.8601973684210527,0.7555074033947273,0.827327169991511,0.7555074033947273
11,1e-05,0.33,0.7284201954397395,0.6804733727810651,0.8511513157894737,0.7563025210084033,0.827327169991511,0.7563025210084033
11,1e-05,0.34,0.7324918566775245,0.6867067468269873,0.8453947368421053,0.7578326575746405,0.827327169991511,0.7578326575746405
11,1e-05,0.35000000000000003,0.7373778501628665,0.6940856560163154,0.8396381578947368,0.7599553405284704,0.827327169991511,0.7599553405284704
11,1e-05,0.36000000000000004,0.741042345276873,0.6994497936726273,0.8363486842105263,0.7617977528089886,0.827327169991511,0.7617977528089886
11,1e-05,0.37000000000000005,0.742671009771987,0.7041958041958042,0.828125,0.761148904006047,0.827327169991511,0.761148904006047
11,1e-05,0.38000000000000006,0.745928338762215,0.7099290780141844,0.8231907894736842,0.7623762376237624,0.827327169991511,0.7623762376237624
11,1e-05,0.39000000000000007,0.7495928338762216,0.7160316319194824,0.819078947368421,0.7640966628308401,0.827327169991511,0.7640966628308401
11,1e-05,0.4000000000000001,0.7520358306188925,0.7216946676406136,0.8125,0.7644100580270793,0.827327169991511,0.7644100580270793
11,1e-05,0.4100000000000001,0.752442996742671,0.7261904761904762,0.8026315789473685,0.7625,0.827327169991511,0.7625
11,1e-05,0.4200000000000001,0.7512214983713354,0.7293404094010614,0.7911184210526315,0.7589743589743589,0.827327169991511,0.7589743589743589
11,1e-05,0.4300000000000001,0.751628664495114,0.7323619631901841,0.7853618421052632,0.7579365079365079,0.827327169991511,0.7579365079365079
11,1e-05,0.4400000000000001,0.752442996742671,0.7375,0.7763157894736842,0.7564102564102564,0.827327169991511,0.7564102564102564
11,1e-05,0.4500000000000001,0.754885993485342,0.7436507936507937,0.7705592105263158,0.7568659127625201,0.827327169991511,0.7568659127625201
11,1e-05,0.46000000000000013,0.7536644951140065,0.7445956765412329,0.7648026315789473,0.7545638945233265,0.827327169991511,0.7545638945233265
11,1e-05,0.47000000000000014,0.7528501628664495,0.7477624084621644,0.7557565789473685,0.7517382413087934,0.827327169991511,0.7517382413087934
11,1e-05,0.48000000000000015,0.750814332247557,0.7516666666666667,0.7417763157894737,0.7466887417218543,0.827327169991511,0.7466887417218543
11,1e-05,0.49000000000000016,0.7544788273615635,0.7590870667793744,0.7384868421052632,0.7486452688620258,0.827327169991511,0.7486452688620258
11,1e-05,0.5000000000000002,0.7561074918566775,0.7670995670995671,0.7286184210526315,0.7473639814424293,0.827327169991511,0.7473639814424293
11,1e-05,0.5100000000000002,0.7552931596091205,0.7718832891246684,0.7179276315789473,0.743928419258628,0.827327169991511,0.743928419258628
11,1e-05,0.5200000000000002,0.7536644951140065,0.7759710930442638,0.7064144736842105,0.7395609126130006,0.827327169991511,0.7395609126130006
11,1e-05,0.5300000000000002,0.7544788273615635,0.7814508723599632,0.6998355263157895,0.7383947939262473,0.827327169991511,0.7383947939262473
11,1e-05,0.5400000000000003,0.7536644951140065,0.7852474323062558,0.6916118421052632,0.7354613030170529,0.827327169991511,0.7354613030170529
11,1e-05,0.5500000000000003,0.754885993485342,0.7901701323251418,0.6875,0.7352682497801232,0.827327169991511,0.7352682497801232
11,1e-05,0.5600000000000003,0.7512214983713354,0.7911453320500481,0.6759868421052632,0.7290465631929046,0.827327169991511,0.7290465631929046
11,1e-05,0.5700000000000003,0.7504071661237784,0.7976307996051333,0.6644736842105263,0.7249887842081651,0.827327169991511,0.7249887842081651
11,1e-05,0.5800000000000003,0.749185667752443,0.803030303030303,0.6537828947368421,0.7207615593834995,0.827327169991511,0.7207615593834995
11,1e-05,0.5900000000000003,0.7495928338762216,0.8094747682801235,0.6463815789473685,0.7187928669410152,0.827327169991511,0.7187928669410152
11,1e-05,0.6000000000000003,0.749185667752443,0.8151260504201681,0.6381578947368421,0.7158671586715868,0.827327169991511,0.7158671586715868
11,1e-05,0.6100000000000003,0.745928338762215,0.8175965665236051,0.6266447368421053,0.7094972067039106,0.827327169991511,0.7094972067039106
11,1e-05,0.6200000000000003,0.7422638436482085,0.8192771084337349,0.6151315789473685,0.7026773132926256,0.827327169991511,0.7026773132926256
11,1e-05,0.6300000000000003,0.7398208469055375,0.8223463687150838,0.6052631578947368,0.6972998578872572,0.827327169991511,0.6972998578872572
11,1e-05,0.6400000000000003,0.7349348534201955,0.82212086659065,0.5929276315789473,0.6889632107023412,0.827327169991511,0.6889632107023412
11,1e-05,0.6500000000000004,0.7361563517915309,0.8287037037037037,0.5888157894736842,0.6884615384615385,0.827327169991511,0.6884615384615385
11,1e-05,0.6600000000000004,0.7316775244299675,0.831942789034565,0.5740131578947368,0.6793187347931874,0.827327169991511,0.6793187347931874
11,1e-05,0.6700000000000004,0.7304560260586319,0.8378048780487805,0.5649671052631579,0.674852652259332,0.827327169991511,0.674852652259332
11,1e-05,0.6800000000000004,0.7243485342019544,0.8407079646017699,0.546875,0.6626806178375685,0.827327169991511,0.6626806178375685
11,1e-05,0.6900000000000004,0.7194625407166124,0.8408796895213454,0.5345394736842105,0.6535947712418301,0.827327169991511,0.6535947712418301
11,1e-05,0.7000000000000004,0.7166123778501629,0.8430079155672823,0.5254934210526315,0.64741641337386,0.827327169991511,0.64741641337386
